number_of_time_periods,lower_bounds,upper_bounds,best_solution,time_used,number_of_benders_iterations,number_of_sweeps,commitment_schedule,turning_on_schedule,turning_off_schedule,termination_reason
6,"[-inf, 231.0, 259.52666666666664, 266.5266666666667, 271.1420512820513, 279.9643027413588, 279.9643027413588]","[392.0, 392.0, 392.0, 392.0, 382.85, 382.85, 382.85]",382.85,55.3585991859436,7,256000,"{1: {1: 1, 2: 1, 3: 1}, 2: {1: 1, 2: 1, 3: 1}, 3: {1: 1, 2: 0, 3: 1}, 4: {1: 1, 2: 0, 3: 1}, 5: {1: 1, 2: 1, 3: 1}, 6: {1: 1, 2: 0, 3: 1}}","{1: {1: 1, 2: 1, 3: 0}, 2: {1: 0, 2: 0, 3: 0}, 3: {1: 0, 2: 0, 3: 0}, 4: {1: 0, 2: 0, 3: 0}, 5: {1: 0, 2: 1, 3: 0}, 6: {1: 0, 2: 0, 3: 0}}","{1: {1: 0, 2: 0, 3: 0}, 2: {1: 0, 2: 0, 3: 0}, 3: {1: 0, 2: 1, 3: 0}, 4: {1: 0, 2: 0, 3: 0}, 5: {1: 0, 2: 0, 3: 0}, 6: {1: 0, 2: 1, 3: 0}}",Master problem failed to find feasible solution
6,"[-inf, 231.0, 259.64, 276.28285714285715, 287.21500000000003, 287.21500000000003, 287.59, 287.59]","[392.0, 392.0, 392.0, 392.0, 392.0, 392.0, 392.0, 391.5]",391.5,41.4884512424469,8,256000,"{1: {1: 1, 2: 1, 3: 1}, 2: {1: 1, 2: 1, 3: 0}, 3: {1: 1, 2: 1, 3: 0}, 4: {1: 0, 2: 1, 3: 0}, 5: {1: 1, 2: 1, 3: 1}, 6: {1: 1, 2: 1, 3: 0}}","{1: {1: 1, 2: 1, 3: 0}, 2: {1: 0, 2: 0, 3: 0}, 3: {1: 0, 2: 0, 3: 0}, 4: {1: 0, 2: 0, 3: 0}, 5: {1: 1, 2: 0, 3: 1}, 6: {1: 0, 2: 0, 3: 0}}","{1: {1: 0, 2: 0, 3: 0}, 2: {1: 0, 2: 0, 3: 1}, 3: {1: 0, 2: 0, 3: 0}, 4: {1: 1, 2: 0, 3: 0}, 5: {1: 0, 2: 0, 3: 0}, 6: {1: 0, 2: 0, 3: 1}}",Master problem failed to find feasible solution
6,"[-inf, 231.0, 255.64285714285717, 266.575, 276.6224489795918, 288.95918367346934, 288.95918367346934, 288.95918367346934]","[392.0, 392.0, 392.0, 392.0, 392.0, 392.0, 392.0, 392.0]",392.0,65.75708723068237,8,256000,"{1: {1: 1, 2: 1, 3: 1}, 2: {1: 1, 2: 1, 3: 1}, 3: {1: 1, 2: 1, 3: 1}, 4: {1: 1, 2: 1, 3: 1}, 5: {1: 1, 2: 1, 3: 1}, 6: {1: 1, 2: 1, 3: 1}}","{1: {1: 1, 2: 1, 3: 0}, 2: {1: 0, 2: 0, 3: 0}, 3: {1: 0, 2: 0, 3: 0}, 4: {1: 0, 2: 0, 3: 0}, 5: {1: 0, 2: 0, 3: 0}, 6: {1: 0, 2: 0, 3: 0}}","{1: {1: 0, 2: 0, 3: 0}, 2: {1: 0, 2: 0, 3: 0}, 3: {1: 0, 2: 0, 3: 0}, 4: {1: 0, 2: 0, 3: 0}, 5: {1: 0, 2: 0, 3: 0}, 6: {1: 0, 2: 0, 3: 0}}",Master problem failed to find feasible solution
6,"[-inf, 231.0, 239.22857142857143, 261.6571428571429, 263.9428571428572, 271.6571428571429]","[392.0, 392.0, 392.0, 392.0, 392.0, 392.0]",392.0,33.77116656303406,6,256000,"{1: {1: 1, 2: 1, 3: 1}, 2: {1: 1, 2: 1, 3: 1}, 3: {1: 1, 2: 1, 3: 1}, 4: {1: 1, 2: 1, 3: 1}, 5: {1: 1, 2: 1, 3: 1}, 6: {1: 1, 2: 1, 3: 1}}","{1: {1: 1, 2: 1, 3: 0}, 2: {1: 0, 2: 0, 3: 0}, 3: {1: 0, 2: 0, 3: 0}, 4: {1: 0, 2: 0, 3: 0}, 5: {1: 0, 2: 0, 3: 0}, 6: {1: 0, 2: 0, 3: 0}}","{1: {1: 0, 2: 0, 3: 0}, 2: {1: 0, 2: 0, 3: 0}, 3: {1: 0, 2: 0, 3: 0}, 4: {1: 0, 2: 0, 3: 0}, 5: {1: 0, 2: 0, 3: 0}, 6: {1: 0, 2: 0, 3: 0}}",Master problem failed to find feasible solution
6,"[-inf, 231.0, 259.64, 280.28, 280.28]","[392.0, 392.0, 392.0, 392.0, 392.0]",392.0,28.48650288581848,5,256000,"{1: {1: 1, 2: 1, 3: 1}, 2: {1: 1, 2: 1, 3: 1}, 3: {1: 1, 2: 1, 3: 1}, 4: {1: 1, 2: 1, 3: 1}, 5: {1: 1, 2: 1, 3: 1}, 6: {1: 1, 2: 1, 3: 1}}","{1: {1: 1, 2: 1, 3: 0}, 2: {1: 0, 2: 0, 3: 0}, 3: {1: 0, 2: 0, 3: 0}, 4: {1: 0, 2: 0, 3: 0}, 5: {1: 0, 2: 0, 3: 0}, 6: {1: 0, 2: 0, 3: 0}}","{1: {1: 0, 2: 0, 3: 0}, 2: {1: 0, 2: 0, 3: 0}, 3: {1: 0, 2: 0, 3: 0}, 4: {1: 0, 2: 0, 3: 0}, 5: {1: 0, 2: 0, 3: 0}, 6: {1: 0, 2: 0, 3: 0}}",Master problem failed to find feasible solution
6,"[-inf, 231.0, 259.64, 264.8757142857143, 268.19714285714286, 282.34000000000003, 293.10714285714283, 299.5875, 300.05357142857144, 300.05357142857144]","[392.0, 392.0, 392.0, 392.0, 392.0, 392.0, 371.05, 371.05, 371.05, 371.05]",371.05,102.699533700943,10,256000,"{1: {1: 1, 2: 0, 3: 1}, 2: {1: 1, 2: 1, 3: 1}, 3: {1: 1, 2: 1, 3: 0}, 4: {1: 1, 2: 1, 3: 1}, 5: {1: 1, 2: 1, 3: 1}, 6: {1: 1, 2: 0, 3: 1}}","{1: {1: 1, 2: 0, 3: 0}, 2: {1: 0, 2: 1, 3: 0}, 3: {1: 0, 2: 0, 3: 0}, 4: {1: 0, 2: 0, 3: 1}, 5: {1: 0, 2: 0, 3: 0}, 6: {1: 0, 2: 0, 3: 0}}","{1: {1: 0, 2: 0, 3: 0}, 2: {1: 0, 2: 0, 3: 0}, 3: {1: 0, 2: 0, 3: 1}, 4: {1: 0, 2: 0, 3: 0}, 5: {1: 0, 2: 0, 3: 0}, 6: {1: 0, 2: 1, 3: 0}}",Master problem failed to find feasible solution
6,"[-inf, 231.0, 251.22857142857143, 269.64, 275.44357142857143, 278.874693877551, 280.9318367346939, 286.30357142857144]","[392.0, 392.0, 392.0, 392.0, 392.0, 392.0, 392.0, 392.0]",392.0,84.8635401725769,8,256000,"{1: {1: 1, 2: 1, 3: 1}, 2: {1: 1, 2: 1, 3: 1}, 3: {1: 1, 2: 1, 3: 1}, 4: {1: 1, 2: 1, 3: 1}, 5: {1: 1, 2: 1, 3: 1}, 6: {1: 1, 2: 1, 3: 1}}","{1: {1: 1, 2: 1, 3: 0}, 2: {1: 0, 2: 0, 3: 0}, 3: {1: 0, 2: 0, 3: 0}, 4: {1: 0, 2: 0, 3: 0}, 5: {1: 0, 2: 0, 3: 0}, 6: {1: 0, 2: 0, 3: 0}}","{1: {1: 0, 2: 0, 3: 0}, 2: {1: 0, 2: 0, 3: 0}, 3: {1: 0, 2: 0, 3: 0}, 4: {1: 0, 2: 0, 3: 0}, 5: {1: 0, 2: 0, 3: 0}, 6: {1: 0, 2: 0, 3: 0}}",Master problem failed to find feasible solution
6,"[-inf, 231.0, 255.64285714285717, 269.2792207792208, 279.4971428571429, 282.23285714285714, 293.0, 293.375, 298.34000000000003, 298.34000000000003]","[392.0, 392.0, 392.0, 392.0, 392.0, 392.0, 392.0, 368.5, 368.5, 368.5]",368.5,90.18797039985657,10,256000,"{1: {1: 1, 2: 1, 3: 0}, 2: {1: 1, 2: 1, 3: 0}, 3: {1: 1, 2: 1, 3: 0}, 4: {1: 1, 2: 1, 3: 1}, 5: {1: 1, 2: 1, 3: 1}, 6: {1: 1, 2: 1, 3: 0}}","{1: {1: 1, 2: 1, 3: 0}, 2: {1: 0, 2: 0, 3: 0}, 3: {1: 0, 2: 0, 3: 0}, 4: {1: 0, 2: 0, 3: 1}, 5: {1: 0, 2: 0, 3: 0}, 6: {1: 0, 2: 0, 3: 0}}","{1: {1: 0, 2: 0, 3: 1}, 2: {1: 0, 2: 0, 3: 0}, 3: {1: 0, 2: 0, 3: 0}, 4: {1: 0, 2: 0, 3: 0}, 5: {1: 0, 2: 0, 3: 0}, 6: {1: 0, 2: 0, 3: 1}}",Master problem failed to find feasible solution
6,"[-inf, 231.0, 259.52666666666664, 280.1666666666667, 282.6666666666667, 284.72380952380956]","[392.0, 392.0, 392.0, 392.0, 392.0, 392.0]",392.0,58.480281829833984,6,256000,"{1: {1: 1, 2: 1, 3: 1}, 2: {1: 1, 2: 1, 3: 1}, 3: {1: 1, 2: 1, 3: 1}, 4: {1: 1, 2: 1, 3: 1}, 5: {1: 1, 2: 1, 3: 1}, 6: {1: 1, 2: 1, 3: 1}}","{1: {1: 1, 2: 1, 3: 0}, 2: {1: 0, 2: 0, 3: 0}, 3: {1: 0, 2: 0, 3: 0}, 4: {1: 0, 2: 0, 3: 0}, 5: {1: 0, 2: 0, 3: 0}, 6: {1: 0, 2: 0, 3: 0}}","{1: {1: 0, 2: 0, 3: 0}, 2: {1: 0, 2: 0, 3: 0}, 3: {1: 0, 2: 0, 3: 0}, 4: {1: 0, 2: 0, 3: 0}, 5: {1: 0, 2: 0, 3: 0}, 6: {1: 0, 2: 0, 3: 0}}",Master problem failed to find feasible solution
6,"[-inf, 231.0, 254.0, 268.14285714285717, 277.37857142857143, 280.8071428571429, 283.8071428571429]","[392.0, 392.0, 392.0, 392.0, 392.0, 392.0, 392.0]",392.0,49.64452815055847,7,256000,"{1: {1: 1, 2: 1, 3: 1}, 2: {1: 1, 2: 1, 3: 1}, 3: {1: 1, 2: 1, 3: 1}, 4: {1: 1, 2: 1, 3: 1}, 5: {1: 1, 2: 1, 3: 1}, 6: {1: 1, 2: 1, 3: 1}}","{1: {1: 1, 2: 1, 3: 0}, 2: {1: 0, 2: 0, 3: 0}, 3: {1: 0, 2: 0, 3: 0}, 4: {1: 0, 2: 0, 3: 0}, 5: {1: 0, 2: 0, 3: 0}, 6: {1: 0, 2: 0, 3: 0}}","{1: {1: 0, 2: 0, 3: 0}, 2: {1: 0, 2: 0, 3: 0}, 3: {1: 0, 2: 0, 3: 0}, 4: {1: 0, 2: 0, 3: 0}, 5: {1: 0, 2: 0, 3: 0}, 6: {1: 0, 2: 0, 3: 0}}",Master problem failed to find feasible solution
6,"[-inf, 231.0, 259.64, 264.8757142857143, 279.0185714285715, 289.78571428571433, 290.1607142857143, 290.1607142857143]","[392.0, 392.0, 392.0, 392.0, 392.0, 392.0, 392.0, 367.55]",367.55,45.1715772151947,8,256000,"{1: {1: 1, 2: 1, 3: 0}, 2: {1: 1, 2: 1, 3: 1}, 3: {1: 1, 2: 1, 3: 0}, 4: {1: 1, 2: 1, 3: 0}, 5: {1: 1, 2: 1, 3: 1}, 6: {1: 1, 2: 0, 3: 1}}","{1: {1: 1, 2: 1, 3: 0}, 2: {1: 0, 2: 0, 3: 1}, 3: {1: 0, 2: 0, 3: 0}, 4: {1: 0, 2: 0, 3: 0}, 5: {1: 0, 2: 0, 3: 1}, 6: {1: 0, 2: 0, 3: 0}}","{1: {1: 0, 2: 0, 3: 1}, 2: {1: 0, 2: 0, 3: 0}, 3: {1: 0, 2: 0, 3: 1}, 4: {1: 0, 2: 0, 3: 0}, 5: {1: 0, 2: 0, 3: 0}, 6: {1: 0, 2: 1, 3: 0}}",Master problem failed to find feasible solution
6,"[-inf, 231.0, 284.890977443609, 284.890977443609, 285.01954887218045]","[392.0, 381.1, 381.1, 381.1, 381.1]",381.1,56.040199518203735,5,256000,"{1: {1: 1, 2: 1, 3: 0}, 2: {1: 1, 2: 1, 3: 0}, 3: {1: 1, 2: 0, 3: 1}, 4: {1: 1, 2: 1, 3: 0}, 5: {1: 1, 2: 1, 3: 0}, 6: {1: 1, 2: 0, 3: 1}}","{1: {1: 1, 2: 1, 3: 0}, 2: {1: 0, 2: 0, 3: 0}, 3: {1: 0, 2: 0, 3: 1}, 4: {1: 0, 2: 1, 3: 0}, 5: {1: 0, 2: 0, 3: 0}, 6: {1: 0, 2: 0, 3: 1}}","{1: {1: 0, 2: 0, 3: 1}, 2: {1: 0, 2: 0, 3: 0}, 3: {1: 0, 2: 1, 3: 0}, 4: {1: 0, 2: 0, 3: 1}, 5: {1: 0, 2: 0, 3: 0}, 6: {1: 0, 2: 1, 3: 0}}",Master problem failed to find feasible solution
6,"[-inf, 231.0, 254.0, 272.14, 278.5685714285715, 278.5685714285715, 280.6257142857143]","[392.0, 392.0, 392.0, 392.0, 392.0, 392.0, 392.0]",392.0,62.90972828865051,7,256000,"{1: {1: 1, 2: 1, 3: 1}, 2: {1: 1, 2: 1, 3: 1}, 3: {1: 1, 2: 1, 3: 1}, 4: {1: 1, 2: 1, 3: 1}, 5: {1: 1, 2: 1, 3: 1}, 6: {1: 1, 2: 1, 3: 1}}","{1: {1: 1, 2: 1, 3: 0}, 2: {1: 0, 2: 0, 3: 0}, 3: {1: 0, 2: 0, 3: 0}, 4: {1: 0, 2: 0, 3: 0}, 5: {1: 0, 2: 0, 3: 0}, 6: {1: 0, 2: 0, 3: 0}}","{1: {1: 0, 2: 0, 3: 0}, 2: {1: 0, 2: 0, 3: 0}, 3: {1: 0, 2: 0, 3: 0}, 4: {1: 0, 2: 0, 3: 0}, 5: {1: 0, 2: 0, 3: 0}, 6: {1: 0, 2: 0, 3: 0}}",Master problem failed to find feasible solution
6,"[-inf, 231.0, 259.64, 262.9614285714286, 279.6042857142857, 282.34000000000003]","[392.0, 392.0, 392.0, 392.0, 392.0, 385.05]",385.05,49.15045166015625,6,256000,"{1: {1: 1, 2: 1, 3: 0}, 2: {1: 1, 2: 1, 3: 1}, 3: {1: 1, 2: 1, 3: 1}, 4: {1: 1, 2: 1, 3: 1}, 5: {1: 1, 2: 1, 3: 0}, 6: {1: 1, 2: 0, 3: 1}}","{1: {1: 1, 2: 1, 3: 0}, 2: {1: 0, 2: 0, 3: 1}, 3: {1: 0, 2: 0, 3: 0}, 4: {1: 0, 2: 0, 3: 0}, 5: {1: 0, 2: 0, 3: 0}, 6: {1: 0, 2: 0, 3: 1}}","{1: {1: 0, 2: 0, 3: 1}, 2: {1: 0, 2: 0, 3: 0}, 3: {1: 0, 2: 0, 3: 0}, 4: {1: 0, 2: 0, 3: 0}, 5: {1: 0, 2: 0, 3: 1}, 6: {1: 0, 2: 1, 3: 0}}",Master problem failed to find feasible solution
6,"[-inf, 231.0, 257.39473684210526, 267.75187969924815, 276.3888888888889, 287.27269841269845, 287.27269841269845]","[392.0, 392.0, 392.0, 392.0, 392.0, 392.0, 387.3]",387.3,58.398794412612915,7,256000,"{1: {1: 1, 2: 1, 3: 1}, 2: {1: 1, 2: 1, 3: 0}, 3: {1: 1, 2: 1, 3: 0}, 4: {1: 1, 2: 0, 3: 1}, 5: {1: 1, 2: 1, 3: 1}, 6: {1: 1, 2: 1, 3: 0}}","{1: {1: 1, 2: 1, 3: 0}, 2: {1: 0, 2: 0, 3: 0}, 3: {1: 0, 2: 0, 3: 0}, 4: {1: 0, 2: 0, 3: 1}, 5: {1: 0, 2: 1, 3: 0}, 6: {1: 0, 2: 0, 3: 0}}","{1: {1: 0, 2: 0, 3: 0}, 2: {1: 0, 2: 0, 3: 1}, 3: {1: 0, 2: 0, 3: 0}, 4: {1: 0, 2: 1, 3: 0}, 5: {1: 0, 2: 0, 3: 0}, 6: {1: 0, 2: 0, 3: 1}}",Master problem failed to find feasible solution
6,"[-inf, 231.0, 254.0, 264.88380952380953, 268.312380952381, 282.45523809523814, 293.2869047619048]","[392.0, 392.0, 392.0, 392.0, 392.0, 392.0, 392.0]",392.0,46.7552490234375,7,256000,"{1: {1: 1, 2: 1, 3: 1}, 2: {1: 1, 2: 1, 3: 1}, 3: {1: 1, 2: 1, 3: 1}, 4: {1: 1, 2: 1, 3: 1}, 5: {1: 1, 2: 1, 3: 1}, 6: {1: 1, 2: 1, 3: 1}}","{1: {1: 1, 2: 1, 3: 0}, 2: {1: 0, 2: 0, 3: 0}, 3: {1: 0, 2: 0, 3: 0}, 4: {1: 0, 2: 0, 3: 0}, 5: {1: 0, 2: 0, 3: 0}, 6: {1: 0, 2: 0, 3: 0}}","{1: {1: 0, 2: 0, 3: 0}, 2: {1: 0, 2: 0, 3: 0}, 3: {1: 0, 2: 0, 3: 0}, 4: {1: 0, 2: 0, 3: 0}, 5: {1: 0, 2: 0, 3: 0}, 6: {1: 0, 2: 0, 3: 0}}",Master problem failed to find feasible solution
6,"[-inf, 231.0, 259.52666666666664, 264.88380952380953, 277.39285714285717, 282.0266666666667]","[392.0, 392.0, 392.0, 392.0, 392.0, 392.0]",392.0,34.714752197265625,6,256000,"{1: {1: 1, 2: 1, 3: 1}, 2: {1: 1, 2: 1, 3: 1}, 3: {1: 1, 2: 1, 3: 1}, 4: {1: 1, 2: 1, 3: 1}, 5: {1: 1, 2: 1, 3: 1}, 6: {1: 1, 2: 1, 3: 1}}","{1: {1: 1, 2: 1, 3: 0}, 2: {1: 0, 2: 0, 3: 0}, 3: {1: 0, 2: 0, 3: 0}, 4: {1: 0, 2: 0, 3: 0}, 5: {1: 0, 2: 0, 3: 0}, 6: {1: 0, 2: 0, 3: 0}}","{1: {1: 0, 2: 0, 3: 0}, 2: {1: 0, 2: 0, 3: 0}, 3: {1: 0, 2: 0, 3: 0}, 4: {1: 0, 2: 0, 3: 0}, 5: {1: 0, 2: 0, 3: 0}, 6: {1: 0, 2: 0, 3: 0}}",Master problem failed to find feasible solution
6,"[-inf, 231.0, 254.0, 268.14285714285717, 272.734693877551, 280.98072562358277]","[392.0, 392.0, 392.0, 392.0, 392.0, 392.0]",392.0,52.08913516998291,6,256000,"{1: {1: 1, 2: 1, 3: 1}, 2: {1: 1, 2: 1, 3: 1}, 3: {1: 1, 2: 1, 3: 1}, 4: {1: 1, 2: 1, 3: 1}, 5: {1: 1, 2: 1, 3: 1}, 6: {1: 1, 2: 1, 3: 1}}","{1: {1: 1, 2: 1, 3: 0}, 2: {1: 0, 2: 0, 3: 0}, 3: {1: 0, 2: 0, 3: 0}, 4: {1: 0, 2: 0, 3: 0}, 5: {1: 0, 2: 0, 3: 0}, 6: {1: 0, 2: 0, 3: 0}}","{1: {1: 0, 2: 0, 3: 0}, 2: {1: 0, 2: 0, 3: 0}, 3: {1: 0, 2: 0, 3: 0}, 4: {1: 0, 2: 0, 3: 0}, 5: {1: 0, 2: 0, 3: 0}, 6: {1: 0, 2: 0, 3: 0}}",Master problem failed to find feasible solution
6,"[-inf, 231.0, 254.0, 267.75187969924815, 278.49695488721807, 287.04511278195486, 290.8571428571429, 294.28571428571433]","[392.0, 392.0, 392.0, 392.0, 392.0, 392.0, 392.0, 392.0]",392.0,50.53671646118164,8,256000,"{1: {1: 1, 2: 1, 3: 1}, 2: {1: 1, 2: 1, 3: 1}, 3: {1: 1, 2: 1, 3: 1}, 4: {1: 1, 2: 1, 3: 1}, 5: {1: 1, 2: 1, 3: 1}, 6: {1: 1, 2: 1, 3: 1}}","{1: {1: 1, 2: 1, 3: 0}, 2: {1: 0, 2: 0, 3: 0}, 3: {1: 0, 2: 0, 3: 0}, 4: {1: 0, 2: 0, 3: 0}, 5: {1: 0, 2: 0, 3: 0}, 6: {1: 0, 2: 0, 3: 0}}","{1: {1: 0, 2: 0, 3: 0}, 2: {1: 0, 2: 0, 3: 0}, 3: {1: 0, 2: 0, 3: 0}, 4: {1: 0, 2: 0, 3: 0}, 5: {1: 0, 2: 0, 3: 0}, 6: {1: 0, 2: 0, 3: 0}}",Master problem failed to find feasible solution
6,"[-inf, 231.0, 259.64, 272.14, 272.14, 274.19714285714286]","[392.0, 392.0, 392.0, 392.0, 392.0, 392.0]",392.0,37.96706485748291,6,256000,"{1: {1: 1, 2: 1, 3: 1}, 2: {1: 1, 2: 1, 3: 1}, 3: {1: 1, 2: 1, 3: 1}, 4: {1: 1, 2: 1, 3: 1}, 5: {1: 1, 2: 1, 3: 1}, 6: {1: 1, 2: 1, 3: 1}}","{1: {1: 1, 2: 1, 3: 0}, 2: {1: 0, 2: 0, 3: 0}, 3: {1: 0, 2: 0, 3: 0}, 4: {1: 0, 2: 0, 3: 0}, 5: {1: 0, 2: 0, 3: 0}, 6: {1: 0, 2: 0, 3: 0}}","{1: {1: 0, 2: 0, 3: 0}, 2: {1: 0, 2: 0, 3: 0}, 3: {1: 0, 2: 0, 3: 0}, 4: {1: 0, 2: 0, 3: 0}, 5: {1: 0, 2: 0, 3: 0}, 6: {1: 0, 2: 0, 3: 0}}",Master problem failed to find feasible solution
6,"[-inf, 231.0, 254.0, 272.14, 278.5685714285715, 285.5035714285715, 285.60357142857146, 289.62857142857143]","[392.0, 392.0, 392.0, 392.0, 392.0, 392.0, 392.0, 392.0]",392.0,61.02596139907837,8,256000,"{1: {1: 1, 2: 1, 3: 1}, 2: {1: 1, 2: 1, 3: 1}, 3: {1: 1, 2: 1, 3: 1}, 4: {1: 1, 2: 1, 3: 1}, 5: {1: 1, 2: 1, 3: 1}, 6: {1: 1, 2: 1, 3: 1}}","{1: {1: 1, 2: 1, 3: 0}, 2: {1: 0, 2: 0, 3: 0}, 3: {1: 0, 2: 0, 3: 0}, 4: {1: 0, 2: 0, 3: 0}, 5: {1: 0, 2: 0, 3: 0}, 6: {1: 0, 2: 0, 3: 0}}","{1: {1: 0, 2: 0, 3: 0}, 2: {1: 0, 2: 0, 3: 0}, 3: {1: 0, 2: 0, 3: 0}, 4: {1: 0, 2: 0, 3: 0}, 5: {1: 0, 2: 0, 3: 0}, 6: {1: 0, 2: 0, 3: 0}}",Master problem failed to find feasible solution
6,"[-inf, 231.0, 254.0, 272.14, 272.14, 282.8507142857143, 282.8507142857143]","[392.0, 392.0, 392.0, 392.0, 392.0, 392.0, 392.0]",392.0,56.727065086364746,7,256000,"{1: {1: 1, 2: 1, 3: 1}, 2: {1: 1, 2: 1, 3: 1}, 3: {1: 1, 2: 1, 3: 1}, 4: {1: 1, 2: 1, 3: 1}, 5: {1: 1, 2: 1, 3: 1}, 6: {1: 1, 2: 1, 3: 1}}","{1: {1: 1, 2: 1, 3: 0}, 2: {1: 0, 2: 0, 3: 0}, 3: {1: 0, 2: 0, 3: 0}, 4: {1: 0, 2: 0, 3: 0}, 5: {1: 0, 2: 0, 3: 0}, 6: {1: 0, 2: 0, 3: 0}}","{1: {1: 0, 2: 0, 3: 0}, 2: {1: 0, 2: 0, 3: 0}, 3: {1: 0, 2: 0, 3: 0}, 4: {1: 0, 2: 0, 3: 0}, 5: {1: 0, 2: 0, 3: 0}, 6: {1: 0, 2: 0, 3: 0}}",Master problem failed to find feasible solution
6,"[-inf, 231.0, 259.64, 280.28, 282.8507142857143, 282.8507142857143, 289.78571428571433, 293.10714285714283]","[392.0, 392.0, 392.0, 392.0, 392.0, 392.0, 392.0, 378.35]",378.35,65.5013108253479,8,256000,"{1: {1: 1, 2: 0, 3: 1}, 2: {1: 1, 2: 1, 3: 1}, 3: {1: 1, 2: 0, 3: 1}, 4: {1: 1, 2: 1, 3: 0}, 5: {1: 1, 2: 1, 3: 1}, 6: {1: 1, 2: 0, 3: 1}}","{1: {1: 1, 2: 0, 3: 0}, 2: {1: 0, 2: 1, 3: 0}, 3: {1: 0, 2: 0, 3: 0}, 4: {1: 0, 2: 1, 3: 0}, 5: {1: 0, 2: 0, 3: 1}, 6: {1: 0, 2: 0, 3: 0}}","{1: {1: 0, 2: 0, 3: 0}, 2: {1: 0, 2: 0, 3: 0}, 3: {1: 0, 2: 1, 3: 0}, 4: {1: 0, 2: 0, 3: 1}, 5: {1: 0, 2: 0, 3: 0}, 6: {1: 0, 2: 1, 3: 0}}",Master problem failed to find feasible solution
6,"[-inf, 231.0, 259.64, 276.28285714285715]","[392.0, 392.0, 392.0, 392.0]",392.0,30.22450304031372,4,256000,"{1: {1: 1, 2: 1, 3: 1}, 2: {1: 1, 2: 1, 3: 1}, 3: {1: 1, 2: 1, 3: 1}, 4: {1: 1, 2: 1, 3: 1}, 5: {1: 1, 2: 1, 3: 1}, 6: {1: 1, 2: 1, 3: 1}}","{1: {1: 1, 2: 1, 3: 0}, 2: {1: 0, 2: 0, 3: 0}, 3: {1: 0, 2: 0, 3: 0}, 4: {1: 0, 2: 0, 3: 0}, 5: {1: 0, 2: 0, 3: 0}, 6: {1: 0, 2: 0, 3: 0}}","{1: {1: 0, 2: 0, 3: 0}, 2: {1: 0, 2: 0, 3: 0}, 3: {1: 0, 2: 0, 3: 0}, 4: {1: 0, 2: 0, 3: 0}, 5: {1: 0, 2: 0, 3: 0}, 6: {1: 0, 2: 0, 3: 0}}",Master problem failed to find feasible solution
6,"[-inf, 231.0, 259.64, 266.575, 276.575, 282.825, 285.1581632653061]","[392.0, 392.0, 392.0, 392.0, 392.0, 392.0, 392.0]",392.0,53.901583433151245,7,256000,"{1: {1: 1, 2: 1, 3: 1}, 2: {1: 1, 2: 1, 3: 1}, 3: {1: 1, 2: 1, 3: 1}, 4: {1: 1, 2: 1, 3: 1}, 5: {1: 1, 2: 1, 3: 1}, 6: {1: 1, 2: 1, 3: 1}}","{1: {1: 1, 2: 1, 3: 0}, 2: {1: 0, 2: 0, 3: 0}, 3: {1: 0, 2: 0, 3: 0}, 4: {1: 0, 2: 0, 3: 0}, 5: {1: 0, 2: 0, 3: 0}, 6: {1: 0, 2: 0, 3: 0}}","{1: {1: 0, 2: 0, 3: 0}, 2: {1: 0, 2: 0, 3: 0}, 3: {1: 0, 2: 0, 3: 0}, 4: {1: 0, 2: 0, 3: 0}, 5: {1: 0, 2: 0, 3: 0}, 6: {1: 0, 2: 0, 3: 0}}",Master problem failed to find feasible solution
6,"[-inf, 231.0, 254.8, 255.64285714285717, 268.14285714285717, 279.07500000000005, 289.78571428571433, 290.1607142857143]","[392.0, 392.0, 392.0, 392.0, 392.0, 392.0, 392.0, 392.0]",392.0,55.98060464859009,8,256000,"{1: {1: 1, 2: 1, 3: 1}, 2: {1: 1, 2: 1, 3: 1}, 3: {1: 1, 2: 1, 3: 1}, 4: {1: 1, 2: 1, 3: 1}, 5: {1: 1, 2: 1, 3: 1}, 6: {1: 1, 2: 1, 3: 1}}","{1: {1: 1, 2: 1, 3: 0}, 2: {1: 0, 2: 0, 3: 0}, 3: {1: 0, 2: 0, 3: 0}, 4: {1: 0, 2: 0, 3: 0}, 5: {1: 0, 2: 0, 3: 0}, 6: {1: 0, 2: 0, 3: 0}}","{1: {1: 0, 2: 0, 3: 0}, 2: {1: 0, 2: 0, 3: 0}, 3: {1: 0, 2: 0, 3: 0}, 4: {1: 0, 2: 0, 3: 0}, 5: {1: 0, 2: 0, 3: 0}, 6: {1: 0, 2: 0, 3: 0}}",Master problem failed to find feasible solution
6,"[-inf, 231.0, 254.0, 268.14285714285717, 275.64285714285717]","[392.0, 392.0, 392.0, 392.0, 392.0]",392.0,27.30840516090393,5,256000,"{1: {1: 1, 2: 1, 3: 1}, 2: {1: 1, 2: 1, 3: 1}, 3: {1: 1, 2: 1, 3: 1}, 4: {1: 1, 2: 1, 3: 1}, 5: {1: 1, 2: 1, 3: 1}, 6: {1: 1, 2: 1, 3: 1}}","{1: {1: 1, 2: 1, 3: 0}, 2: {1: 0, 2: 0, 3: 0}, 3: {1: 0, 2: 0, 3: 0}, 4: {1: 0, 2: 0, 3: 0}, 5: {1: 0, 2: 0, 3: 0}, 6: {1: 0, 2: 0, 3: 0}}","{1: {1: 0, 2: 0, 3: 0}, 2: {1: 0, 2: 0, 3: 0}, 3: {1: 0, 2: 0, 3: 0}, 4: {1: 0, 2: 0, 3: 0}, 5: {1: 0, 2: 0, 3: 0}, 6: {1: 0, 2: 0, 3: 0}}",Master problem failed to find feasible solution
6,"[-inf, 231.0, 255.64285714285717, 266.5266666666667, 277.37857142857143, 288.6821428571429, 291.8964285714286, 294.93814506694395]","[392.0, 392.0, 392.0, 392.0, 392.0, 392.0, 384.35, 384.35]",384.35,50.26947021484375,8,256000,"{1: {1: 1, 2: 1, 3: 1}, 2: {1: 1, 2: 1, 3: 0}, 3: {1: 1, 2: 0, 3: 1}, 4: {1: 1, 2: 0, 3: 0}, 5: {1: 1, 2: 1, 3: 1}, 6: {1: 1, 2: 0, 3: 1}}","{1: {1: 1, 2: 1, 3: 0}, 2: {1: 0, 2: 0, 3: 0}, 3: {1: 0, 2: 0, 3: 1}, 4: {1: 0, 2: 0, 3: 0}, 5: {1: 0, 2: 1, 3: 1}, 6: {1: 0, 2: 0, 3: 0}}","{1: {1: 0, 2: 0, 3: 0}, 2: {1: 0, 2: 0, 3: 1}, 3: {1: 0, 2: 1, 3: 0}, 4: {1: 0, 2: 0, 3: 1}, 5: {1: 0, 2: 0, 3: 0}, 6: {1: 0, 2: 1, 3: 0}}",Master problem failed to find feasible solution
6,"[-inf, 231.0, 259.64, 280.28, 282.8507142857143, 284.90785714285715, 284.90785714285715, 285.28285714285715, 290.1607142857143]","[392.0, 392.0, 392.0, 392.0, 392.0, 392.0, 392.0, 392.0, 392.0]",392.0,51.87337040901184,9,256000,"{1: {1: 1, 2: 1, 3: 1}, 2: {1: 1, 2: 1, 3: 1}, 3: {1: 1, 2: 1, 3: 1}, 4: {1: 1, 2: 1, 3: 1}, 5: {1: 1, 2: 1, 3: 1}, 6: {1: 1, 2: 1, 3: 1}}","{1: {1: 1, 2: 1, 3: 0}, 2: {1: 0, 2: 0, 3: 0}, 3: {1: 0, 2: 0, 3: 0}, 4: {1: 0, 2: 0, 3: 0}, 5: {1: 0, 2: 0, 3: 0}, 6: {1: 0, 2: 0, 3: 0}}","{1: {1: 0, 2: 0, 3: 0}, 2: {1: 0, 2: 0, 3: 0}, 3: {1: 0, 2: 0, 3: 0}, 4: {1: 0, 2: 0, 3: 0}, 5: {1: 0, 2: 0, 3: 0}, 6: {1: 0, 2: 0, 3: 0}}",Master problem failed to find feasible solution
6,"[-inf, 231.0, 259.52666666666664, 279.7864285714286, 280.075, 287.075, 289.33809523809526]","[392.0, 392.0, 392.0, 392.0, 392.0, 392.0, 392.0]",392.0,56.50279998779297,7,256000,"{1: {1: 1, 2: 1, 3: 1}, 2: {1: 1, 2: 1, 3: 1}, 3: {1: 1, 2: 1, 3: 1}, 4: {1: 1, 2: 1, 3: 1}, 5: {1: 1, 2: 1, 3: 1}, 6: {1: 1, 2: 1, 3: 1}}","{1: {1: 1, 2: 1, 3: 0}, 2: {1: 0, 2: 0, 3: 0}, 3: {1: 0, 2: 0, 3: 0}, 4: {1: 0, 2: 0, 3: 0}, 5: {1: 0, 2: 0, 3: 0}, 6: {1: 0, 2: 0, 3: 0}}","{1: {1: 0, 2: 0, 3: 0}, 2: {1: 0, 2: 0, 3: 0}, 3: {1: 0, 2: 0, 3: 0}, 4: {1: 0, 2: 0, 3: 0}, 5: {1: 0, 2: 0, 3: 0}, 6: {1: 0, 2: 0, 3: 0}}",Master problem failed to find feasible solution
6,"[-inf, 231.0, 255.64285714285717, 266.5266666666667, 276.49333333333334, 282.9219047619048]","[392.0, 392.0, 392.0, 392.0, 392.0, 392.0]",392.0,84.01471400260925,6,640000,"{1: {1: 1, 2: 1, 3: 1}, 2: {1: 1, 2: 1, 3: 1}, 3: {1: 1, 2: 1, 3: 1}, 4: {1: 1, 2: 1, 3: 1}, 5: {1: 1, 2: 1, 3: 1}, 6: {1: 1, 2: 1, 3: 1}}","{1: {1: 1, 2: 1, 3: 0}, 2: {1: 0, 2: 0, 3: 0}, 3: {1: 0, 2: 0, 3: 0}, 4: {1: 0, 2: 0, 3: 0}, 5: {1: 0, 2: 0, 3: 0}, 6: {1: 0, 2: 0, 3: 0}}","{1: {1: 0, 2: 0, 3: 0}, 2: {1: 0, 2: 0, 3: 0}, 3: {1: 0, 2: 0, 3: 0}, 4: {1: 0, 2: 0, 3: 0}, 5: {1: 0, 2: 0, 3: 0}, 6: {1: 0, 2: 0, 3: 0}}",Master problem failed to find feasible solution
6,"[-inf, 231.0, 254.0, 264.8757142857143, 279.0185714285715, 279.3935714285714, 290.1607142857143, 301.64]","[392.0, 392.0, 392.0, 392.0, 392.0, 392.0, 348.0, 348.0]",348.0,131.27887797355652,8,640000,"{1: {1: 1, 2: 1, 3: 0}, 2: {1: 1, 2: 1, 3: 0}, 3: {1: 1, 2: 1, 3: 0}, 4: {1: 1, 2: 1, 3: 0}, 5: {1: 1, 2: 1, 3: 0}, 6: {1: 1, 2: 1, 3: 0}}","{1: {1: 1, 2: 1, 3: 0}, 2: {1: 0, 2: 0, 3: 0}, 3: {1: 0, 2: 0, 3: 0}, 4: {1: 0, 2: 0, 3: 0}, 5: {1: 0, 2: 0, 3: 0}, 6: {1: 0, 2: 0, 3: 0}}","{1: {1: 0, 2: 0, 3: 1}, 2: {1: 0, 2: 0, 3: 0}, 3: {1: 0, 2: 0, 3: 0}, 4: {1: 0, 2: 0, 3: 0}, 5: {1: 0, 2: 0, 3: 0}, 6: {1: 0, 2: 0, 3: 0}}",Master problem failed to find feasible solution
6,"[-inf, 231.0, 255.64285714285717, 262.0714285714286, 276.28285714285715, 279.0185714285715, 279.0185714285715, 289.78571428571433, 289.78571428571433, 293.10714285714283]","[392.0, 392.0, 392.0, 392.0, 392.0, 392.0, 392.0, 392.0, 392.0, 392.0]",392.0,172.3399736881256,10,640000,"{1: {1: 1, 2: 1, 3: 1}, 2: {1: 1, 2: 1, 3: 1}, 3: {1: 1, 2: 1, 3: 1}, 4: {1: 1, 2: 1, 3: 1}, 5: {1: 1, 2: 1, 3: 1}, 6: {1: 1, 2: 1, 3: 1}}","{1: {1: 1, 2: 1, 3: 0}, 2: {1: 0, 2: 0, 3: 0}, 3: {1: 0, 2: 0, 3: 0}, 4: {1: 0, 2: 0, 3: 0}, 5: {1: 0, 2: 0, 3: 0}, 6: {1: 0, 2: 0, 3: 0}}","{1: {1: 0, 2: 0, 3: 0}, 2: {1: 0, 2: 0, 3: 0}, 3: {1: 0, 2: 0, 3: 0}, 4: {1: 0, 2: 0, 3: 0}, 5: {1: 0, 2: 0, 3: 0}, 6: {1: 0, 2: 0, 3: 0}}",Master problem failed to find feasible solution
6,"[-inf, 231.0, 259.64, 280.28, 282.14489795918365, 285.66530612244895, 285.66530612244895]","[392.0, 392.0, 392.0, 392.0, 392.0, 392.0, 392.0]",392.0,134.97691082954407,7,640000,"{1: {1: 1, 2: 1, 3: 1}, 2: {1: 1, 2: 1, 3: 1}, 3: {1: 1, 2: 1, 3: 1}, 4: {1: 1, 2: 1, 3: 1}, 5: {1: 1, 2: 1, 3: 1}, 6: {1: 1, 2: 1, 3: 1}}","{1: {1: 1, 2: 1, 3: 0}, 2: {1: 0, 2: 0, 3: 0}, 3: {1: 0, 2: 0, 3: 0}, 4: {1: 0, 2: 0, 3: 0}, 5: {1: 0, 2: 0, 3: 0}, 6: {1: 0, 2: 0, 3: 0}}","{1: {1: 0, 2: 0, 3: 0}, 2: {1: 0, 2: 0, 3: 0}, 3: {1: 0, 2: 0, 3: 0}, 4: {1: 0, 2: 0, 3: 0}, 5: {1: 0, 2: 0, 3: 0}, 6: {1: 0, 2: 0, 3: 0}}",Master problem failed to find feasible solution
6,"[-inf, 231.0, 255.64285714285717, 268.14285714285717, 279.0185714285715, 286.67857142857144, 290.1071428571429, 294.0]","[392.0, 392.0, 392.0, 392.0, 387.1, 387.1, 387.1, 387.1]",387.1,94.95869636535645,8,640000,"{1: {1: 1, 2: 1, 3: 1}, 2: {1: 1, 2: 1, 3: 1}, 3: {1: 1, 2: 1, 3: 1}, 4: {1: 1, 2: 0, 3: 0}, 5: {1: 1, 2: 1, 3: 1}, 6: {1: 1, 2: 0, 3: 1}}","{1: {1: 1, 2: 1, 3: 0}, 2: {1: 0, 2: 0, 3: 0}, 3: {1: 0, 2: 0, 3: 0}, 4: {1: 0, 2: 0, 3: 0}, 5: {1: 0, 2: 1, 3: 1}, 6: {1: 0, 2: 0, 3: 0}}","{1: {1: 0, 2: 0, 3: 0}, 2: {1: 0, 2: 0, 3: 0}, 3: {1: 0, 2: 0, 3: 0}, 4: {1: 0, 2: 1, 3: 1}, 5: {1: 0, 2: 0, 3: 0}, 6: {1: 0, 2: 1, 3: 0}}",Master problem failed to find feasible solution
6,"[-inf, 231.0, 259.52666666666664, 262.812380952381, 262.95523809523814, 263.33642857142854]","[392.0, 392.0, 392.0, 392.0, 392.0, 392.0]",392.0,97.46268701553345,6,640000,"{1: {1: 1, 2: 1, 3: 1}, 2: {1: 1, 2: 1, 3: 1}, 3: {1: 1, 2: 1, 3: 1}, 4: {1: 1, 2: 1, 3: 1}, 5: {1: 1, 2: 1, 3: 1}, 6: {1: 1, 2: 1, 3: 1}}","{1: {1: 1, 2: 1, 3: 0}, 2: {1: 0, 2: 0, 3: 0}, 3: {1: 0, 2: 0, 3: 0}, 4: {1: 0, 2: 0, 3: 0}, 5: {1: 0, 2: 0, 3: 0}, 6: {1: 0, 2: 0, 3: 0}}","{1: {1: 0, 2: 0, 3: 0}, 2: {1: 0, 2: 0, 3: 0}, 3: {1: 0, 2: 0, 3: 0}, 4: {1: 0, 2: 0, 3: 0}, 5: {1: 0, 2: 0, 3: 0}, 6: {1: 0, 2: 0, 3: 0}}",Master problem failed to find feasible solution
6,"[-inf, 231.0, 259.64, 279.7864285714286, 280.075, 280.075, 283.56479591836734, 285.7416666666667]","[392.0, 392.0, 392.0, 392.0, 392.0, 392.0, 392.0, 392.0]",392.0,112.56550168991089,8,640000,"{1: {1: 1, 2: 1, 3: 1}, 2: {1: 1, 2: 1, 3: 1}, 3: {1: 1, 2: 1, 3: 1}, 4: {1: 1, 2: 1, 3: 1}, 5: {1: 1, 2: 1, 3: 1}, 6: {1: 1, 2: 1, 3: 1}}","{1: {1: 1, 2: 1, 3: 0}, 2: {1: 0, 2: 0, 3: 0}, 3: {1: 0, 2: 0, 3: 0}, 4: {1: 0, 2: 0, 3: 0}, 5: {1: 0, 2: 0, 3: 0}, 6: {1: 0, 2: 0, 3: 0}}","{1: {1: 0, 2: 0, 3: 0}, 2: {1: 0, 2: 0, 3: 0}, 3: {1: 0, 2: 0, 3: 0}, 4: {1: 0, 2: 0, 3: 0}, 5: {1: 0, 2: 0, 3: 0}, 6: {1: 0, 2: 0, 3: 0}}",Master problem failed to find feasible solution
6,"[-inf, 231.0, 254.0, 272.14, 279.07500000000005, 289.9588095238095]","[392.0, 392.0, 392.0, 392.0, 392.0, 392.0]",392.0,75.11471915245056,6,640000,"{1: {1: 1, 2: 1, 3: 1}, 2: {1: 1, 2: 1, 3: 1}, 3: {1: 1, 2: 1, 3: 1}, 4: {1: 1, 2: 1, 3: 1}, 5: {1: 1, 2: 1, 3: 1}, 6: {1: 1, 2: 1, 3: 1}}","{1: {1: 1, 2: 1, 3: 0}, 2: {1: 0, 2: 0, 3: 0}, 3: {1: 0, 2: 0, 3: 0}, 4: {1: 0, 2: 0, 3: 0}, 5: {1: 0, 2: 0, 3: 0}, 6: {1: 0, 2: 0, 3: 0}}","{1: {1: 0, 2: 0, 3: 0}, 2: {1: 0, 2: 0, 3: 0}, 3: {1: 0, 2: 0, 3: 0}, 4: {1: 0, 2: 0, 3: 0}, 5: {1: 0, 2: 0, 3: 0}, 6: {1: 0, 2: 0, 3: 0}}",Master problem failed to find feasible solution
6,"[-inf, 231.0, 259.52666666666664, 260.29809523809524, 280.6221428571429, 280.6221428571429, 284.0507142857143]","[392.0, 392.0, 392.0, 392.0, 392.0, 392.0, 392.0]",392.0,147.75796008110046,7,640000,"{1: {1: 1, 2: 1, 3: 1}, 2: {1: 1, 2: 1, 3: 1}, 3: {1: 1, 2: 1, 3: 1}, 4: {1: 1, 2: 1, 3: 1}, 5: {1: 1, 2: 1, 3: 1}, 6: {1: 1, 2: 1, 3: 1}}","{1: {1: 1, 2: 1, 3: 0}, 2: {1: 0, 2: 0, 3: 0}, 3: {1: 0, 2: 0, 3: 0}, 4: {1: 0, 2: 0, 3: 0}, 5: {1: 0, 2: 0, 3: 0}, 6: {1: 0, 2: 0, 3: 0}}","{1: {1: 0, 2: 0, 3: 0}, 2: {1: 0, 2: 0, 3: 0}, 3: {1: 0, 2: 0, 3: 0}, 4: {1: 0, 2: 0, 3: 0}, 5: {1: 0, 2: 0, 3: 0}, 6: {1: 0, 2: 0, 3: 0}}",Master problem failed to find feasible solution
6,"[-inf, 231.0, 259.52666666666664, 280.1666666666667, 282.6666666666667, 282.6666666666667]","[392.0, 392.0, 392.0, 392.0, 392.0, 392.0]",392.0,99.08837032318115,6,640000,"{1: {1: 1, 2: 1, 3: 1}, 2: {1: 1, 2: 1, 3: 1}, 3: {1: 1, 2: 1, 3: 1}, 4: {1: 1, 2: 1, 3: 1}, 5: {1: 1, 2: 1, 3: 1}, 6: {1: 1, 2: 1, 3: 1}}","{1: {1: 1, 2: 1, 3: 0}, 2: {1: 0, 2: 0, 3: 0}, 3: {1: 0, 2: 0, 3: 0}, 4: {1: 0, 2: 0, 3: 0}, 5: {1: 0, 2: 0, 3: 0}, 6: {1: 0, 2: 0, 3: 0}}","{1: {1: 0, 2: 0, 3: 0}, 2: {1: 0, 2: 0, 3: 0}, 3: {1: 0, 2: 0, 3: 0}, 4: {1: 0, 2: 0, 3: 0}, 5: {1: 0, 2: 0, 3: 0}, 6: {1: 0, 2: 0, 3: 0}}",Master problem failed to find feasible solution
6,"[-inf, 231.0, 247.36363636363637, 269.2792207792208]","[392.0, 392.0, 392.0, 392.0]",392.0,59.50220513343811,4,640000,"{1: {1: 1, 2: 1, 3: 1}, 2: {1: 1, 2: 1, 3: 1}, 3: {1: 1, 2: 1, 3: 1}, 4: {1: 1, 2: 1, 3: 1}, 5: {1: 1, 2: 1, 3: 1}, 6: {1: 1, 2: 1, 3: 1}}","{1: {1: 1, 2: 1, 3: 0}, 2: {1: 0, 2: 0, 3: 0}, 3: {1: 0, 2: 0, 3: 0}, 4: {1: 0, 2: 0, 3: 0}, 5: {1: 0, 2: 0, 3: 0}, 6: {1: 0, 2: 0, 3: 0}}","{1: {1: 0, 2: 0, 3: 0}, 2: {1: 0, 2: 0, 3: 0}, 3: {1: 0, 2: 0, 3: 0}, 4: {1: 0, 2: 0, 3: 0}, 5: {1: 0, 2: 0, 3: 0}, 6: {1: 0, 2: 0, 3: 0}}",Master problem failed to find feasible solution
6,"[-inf, 231.0, 254.0, 272.14, 282.8507142857143, 295.6507142857143]","[392.0, 392.0, 392.0, 392.0, 362.0, 362.0]",362.0,74.84241151809692,6,640000,"{1: {1: 1, 2: 1, 3: 0}, 2: {1: 1, 2: 1, 3: 0}, 3: {1: 1, 2: 1, 3: 1}, 4: {1: 1, 2: 1, 3: 0}, 5: {1: 1, 2: 1, 3: 0}, 6: {1: 1, 2: 1, 3: 0}}","{1: {1: 1, 2: 1, 3: 0}, 2: {1: 0, 2: 0, 3: 0}, 3: {1: 0, 2: 0, 3: 1}, 4: {1: 0, 2: 0, 3: 0}, 5: {1: 0, 2: 0, 3: 0}, 6: {1: 0, 2: 0, 3: 0}}","{1: {1: 0, 2: 0, 3: 1}, 2: {1: 0, 2: 0, 3: 0}, 3: {1: 0, 2: 0, 3: 0}, 4: {1: 0, 2: 0, 3: 1}, 5: {1: 0, 2: 0, 3: 0}, 6: {1: 0, 2: 0, 3: 0}}",Master problem failed to find feasible solution
6,"[-inf, 231.0, 254.8, 267.3, 267.3, 267.3]","[392.0, 392.0, 392.0, 392.0, 392.0, 392.0]",392.0,81.48194694519043,6,640000,"{1: {1: 1, 2: 1, 3: 1}, 2: {1: 1, 2: 1, 3: 1}, 3: {1: 1, 2: 1, 3: 1}, 4: {1: 1, 2: 1, 3: 1}, 5: {1: 1, 2: 1, 3: 1}, 6: {1: 1, 2: 1, 3: 1}}","{1: {1: 1, 2: 1, 3: 0}, 2: {1: 0, 2: 0, 3: 0}, 3: {1: 0, 2: 0, 3: 0}, 4: {1: 0, 2: 0, 3: 0}, 5: {1: 0, 2: 0, 3: 0}, 6: {1: 0, 2: 0, 3: 0}}","{1: {1: 0, 2: 0, 3: 0}, 2: {1: 0, 2: 0, 3: 0}, 3: {1: 0, 2: 0, 3: 0}, 4: {1: 0, 2: 0, 3: 0}, 5: {1: 0, 2: 0, 3: 0}, 6: {1: 0, 2: 0, 3: 0}}",Master problem failed to find feasible solution
6,"[-inf, 231.0, 242.0769230769231, 260.25824175824175]","[392.0, 392.0, 392.0, 392.0]",392.0,54.91580152511597,4,640000,"{1: {1: 1, 2: 1, 3: 1}, 2: {1: 1, 2: 1, 3: 1}, 3: {1: 1, 2: 1, 3: 1}, 4: {1: 1, 2: 1, 3: 1}, 5: {1: 1, 2: 1, 3: 1}, 6: {1: 1, 2: 1, 3: 1}}","{1: {1: 1, 2: 1, 3: 0}, 2: {1: 0, 2: 0, 3: 0}, 3: {1: 0, 2: 0, 3: 0}, 4: {1: 0, 2: 0, 3: 0}, 5: {1: 0, 2: 0, 3: 0}, 6: {1: 0, 2: 0, 3: 0}}","{1: {1: 0, 2: 0, 3: 0}, 2: {1: 0, 2: 0, 3: 0}, 3: {1: 0, 2: 0, 3: 0}, 4: {1: 0, 2: 0, 3: 0}, 5: {1: 0, 2: 0, 3: 0}, 6: {1: 0, 2: 0, 3: 0}}",Master problem failed to find feasible solution
6,"[-inf, 231.0, 259.64, 260.78285714285715, 264.1042857142857, 283.6014285714286, 283.6014285714286]","[392.0, 392.0, 392.0, 392.0, 392.0, 392.0, 392.0]",392.0,97.0554780960083,7,640000,"{1: {1: 1, 2: 1, 3: 1}, 2: {1: 1, 2: 1, 3: 1}, 3: {1: 1, 2: 1, 3: 1}, 4: {1: 1, 2: 1, 3: 1}, 5: {1: 1, 2: 1, 3: 1}, 6: {1: 1, 2: 1, 3: 1}}","{1: {1: 1, 2: 1, 3: 0}, 2: {1: 0, 2: 0, 3: 0}, 3: {1: 0, 2: 0, 3: 0}, 4: {1: 0, 2: 0, 3: 0}, 5: {1: 0, 2: 0, 3: 0}, 6: {1: 0, 2: 0, 3: 0}}","{1: {1: 0, 2: 0, 3: 0}, 2: {1: 0, 2: 0, 3: 0}, 3: {1: 0, 2: 0, 3: 0}, 4: {1: 0, 2: 0, 3: 0}, 5: {1: 0, 2: 0, 3: 0}, 6: {1: 0, 2: 0, 3: 0}}",Master problem failed to find feasible solution
6,"[-inf, 231.0, 259.64, 276.28285714285715, 276.28285714285715, 276.65785714285715, 276.65785714285715, 279.44642857142856]","[392.0, 392.0, 392.0, 392.0, 392.0, 392.0, 392.0, 392.0]",392.0,136.59106135368347,8,640000,"{1: {1: 1, 2: 1, 3: 1}, 2: {1: 1, 2: 1, 3: 1}, 3: {1: 1, 2: 1, 3: 1}, 4: {1: 1, 2: 1, 3: 1}, 5: {1: 1, 2: 1, 3: 1}, 6: {1: 1, 2: 1, 3: 1}}","{1: {1: 1, 2: 1, 3: 0}, 2: {1: 0, 2: 0, 3: 0}, 3: {1: 0, 2: 0, 3: 0}, 4: {1: 0, 2: 0, 3: 0}, 5: {1: 0, 2: 0, 3: 0}, 6: {1: 0, 2: 0, 3: 0}}","{1: {1: 0, 2: 0, 3: 0}, 2: {1: 0, 2: 0, 3: 0}, 3: {1: 0, 2: 0, 3: 0}, 4: {1: 0, 2: 0, 3: 0}, 5: {1: 0, 2: 0, 3: 0}, 6: {1: 0, 2: 0, 3: 0}}",Master problem failed to find feasible solution
6,"[-inf, 231.0, 254.0, 270.64285714285717, 281.575, 283.12857142857143, 291.2469387755102]","[392.0, 392.0, 392.0, 392.0, 392.0, 392.0, 392.0]",392.0,112.96943020820618,7,640000,"{1: {1: 1, 2: 1, 3: 1}, 2: {1: 1, 2: 1, 3: 1}, 3: {1: 1, 2: 1, 3: 1}, 4: {1: 1, 2: 1, 3: 1}, 5: {1: 1, 2: 1, 3: 1}, 6: {1: 1, 2: 1, 3: 1}}","{1: {1: 1, 2: 1, 3: 0}, 2: {1: 0, 2: 0, 3: 0}, 3: {1: 0, 2: 0, 3: 0}, 4: {1: 0, 2: 0, 3: 0}, 5: {1: 0, 2: 0, 3: 0}, 6: {1: 0, 2: 0, 3: 0}}","{1: {1: 0, 2: 0, 3: 0}, 2: {1: 0, 2: 0, 3: 0}, 3: {1: 0, 2: 0, 3: 0}, 4: {1: 0, 2: 0, 3: 0}, 5: {1: 0, 2: 0, 3: 0}, 6: {1: 0, 2: 0, 3: 0}}",Master problem failed to find feasible solution
6,"[-inf, 231.0, 259.52666666666664, 261.79939393939395, 280.1666666666667, 280.1666666666667, 280.1666666666667, 282.22380952380956, 298.2810714285714]","[392.0, 392.0, 392.0, 392.0, 392.0, 392.0, 392.0, 376.05, 376.05]",376.05,125.80853247642517,9,640000,"{1: {1: 1, 2: 1, 3: 0}, 2: {1: 1, 2: 1, 3: 1}, 3: {1: 1, 2: 0, 3: 1}, 4: {1: 1, 2: 0, 3: 0}, 5: {1: 1, 2: 1, 3: 1}, 6: {1: 1, 2: 1, 3: 0}}","{1: {1: 1, 2: 1, 3: 0}, 2: {1: 0, 2: 0, 3: 1}, 3: {1: 0, 2: 0, 3: 0}, 4: {1: 0, 2: 0, 3: 0}, 5: {1: 0, 2: 1, 3: 1}, 6: {1: 0, 2: 0, 3: 0}}","{1: {1: 0, 2: 0, 3: 1}, 2: {1: 0, 2: 0, 3: 0}, 3: {1: 0, 2: 1, 3: 0}, 4: {1: 0, 2: 0, 3: 1}, 5: {1: 0, 2: 0, 3: 0}, 6: {1: 0, 2: 0, 3: 1}}",Master problem failed to find feasible solution
6,"[-inf, 231.0, 259.64, 280.28, 283.7085714285714, 286.2792857142857, 286.2792857142857, 286.2792857142857, 293.2142857142858, 293.2142857142858]","[392.0, 392.0, 392.0, 392.0, 392.0, 392.0, 392.0, 392.0, 392.0, 392.0]",392.0,151.1268379688263,10,640000,"{1: {1: 1, 2: 1, 3: 1}, 2: {1: 1, 2: 1, 3: 1}, 3: {1: 1, 2: 1, 3: 1}, 4: {1: 1, 2: 1, 3: 1}, 5: {1: 1, 2: 1, 3: 1}, 6: {1: 1, 2: 1, 3: 1}}","{1: {1: 1, 2: 1, 3: 0}, 2: {1: 0, 2: 0, 3: 0}, 3: {1: 0, 2: 0, 3: 0}, 4: {1: 0, 2: 0, 3: 0}, 5: {1: 0, 2: 0, 3: 0}, 6: {1: 0, 2: 0, 3: 0}}","{1: {1: 0, 2: 0, 3: 0}, 2: {1: 0, 2: 0, 3: 0}, 3: {1: 0, 2: 0, 3: 0}, 4: {1: 0, 2: 0, 3: 0}, 5: {1: 0, 2: 0, 3: 0}, 6: {1: 0, 2: 0, 3: 0}}",Master problem failed to find feasible solution
6,"[-inf, 231.0, 258.07142857142856, 270.57142857142856, 270.57142857142856, 278.07142857142856]","[392.0, 392.0, 392.0, 392.0, 392.0, 392.0]",392.0,77.17028212547302,6,640000,"{1: {1: 1, 2: 1, 3: 1}, 2: {1: 1, 2: 1, 3: 1}, 3: {1: 1, 2: 1, 3: 1}, 4: {1: 1, 2: 1, 3: 1}, 5: {1: 1, 2: 1, 3: 1}, 6: {1: 1, 2: 1, 3: 1}}","{1: {1: 1, 2: 1, 3: 0}, 2: {1: 0, 2: 0, 3: 0}, 3: {1: 0, 2: 0, 3: 0}, 4: {1: 0, 2: 0, 3: 0}, 5: {1: 0, 2: 0, 3: 0}, 6: {1: 0, 2: 0, 3: 0}}","{1: {1: 0, 2: 0, 3: 0}, 2: {1: 0, 2: 0, 3: 0}, 3: {1: 0, 2: 0, 3: 0}, 4: {1: 0, 2: 0, 3: 0}, 5: {1: 0, 2: 0, 3: 0}, 6: {1: 0, 2: 0, 3: 0}}",Master problem failed to find feasible solution
6,"[-inf, 231.0, 259.64, 272.14, 279.07500000000005, 279.07500000000005, 286.5]","[392.0, 392.0, 392.0, 392.0, 392.0, 392.0, 392.0]",392.0,91.88926553726196,7,640000,"{1: {1: 1, 2: 1, 3: 1}, 2: {1: 1, 2: 1, 3: 1}, 3: {1: 1, 2: 1, 3: 1}, 4: {1: 1, 2: 1, 3: 1}, 5: {1: 1, 2: 1, 3: 1}, 6: {1: 1, 2: 1, 3: 1}}","{1: {1: 1, 2: 1, 3: 0}, 2: {1: 0, 2: 0, 3: 0}, 3: {1: 0, 2: 0, 3: 0}, 4: {1: 0, 2: 0, 3: 0}, 5: {1: 0, 2: 0, 3: 0}, 6: {1: 0, 2: 0, 3: 0}}","{1: {1: 0, 2: 0, 3: 0}, 2: {1: 0, 2: 0, 3: 0}, 3: {1: 0, 2: 0, 3: 0}, 4: {1: 0, 2: 0, 3: 0}, 5: {1: 0, 2: 0, 3: 0}, 6: {1: 0, 2: 0, 3: 0}}",Master problem failed to find feasible solution
6,"[-inf, 231.0, 247.36363636363637, 261.9127272727273, 276.28285714285715, 287.21500000000003, 287.35749999999996, 290.67892857142857]","[392.0, 392.0, 392.0, 392.0, 392.0, 392.0, 392.0, 392.0]",392.0,162.53590655326843,8,640000,"{1: {1: 1, 2: 1, 3: 1}, 2: {1: 1, 2: 1, 3: 1}, 3: {1: 1, 2: 1, 3: 1}, 4: {1: 1, 2: 1, 3: 1}, 5: {1: 1, 2: 1, 3: 1}, 6: {1: 1, 2: 1, 3: 1}}","{1: {1: 1, 2: 1, 3: 0}, 2: {1: 0, 2: 0, 3: 0}, 3: {1: 0, 2: 0, 3: 0}, 4: {1: 0, 2: 0, 3: 0}, 5: {1: 0, 2: 0, 3: 0}, 6: {1: 0, 2: 0, 3: 0}}","{1: {1: 0, 2: 0, 3: 0}, 2: {1: 0, 2: 0, 3: 0}, 3: {1: 0, 2: 0, 3: 0}, 4: {1: 0, 2: 0, 3: 0}, 5: {1: 0, 2: 0, 3: 0}, 6: {1: 0, 2: 0, 3: 0}}",Master problem failed to find feasible solution
6,"[-inf, 231.0, 258.07142857142856, 262.73214285714283]","[392.0, 392.0, 392.0, 392.0]",392.0,61.34939122200012,4,640000,"{1: {1: 1, 2: 1, 3: 1}, 2: {1: 1, 2: 1, 3: 1}, 3: {1: 1, 2: 1, 3: 1}, 4: {1: 1, 2: 1, 3: 1}, 5: {1: 1, 2: 1, 3: 1}, 6: {1: 1, 2: 1, 3: 1}}","{1: {1: 1, 2: 1, 3: 0}, 2: {1: 0, 2: 0, 3: 0}, 3: {1: 0, 2: 0, 3: 0}, 4: {1: 0, 2: 0, 3: 0}, 5: {1: 0, 2: 0, 3: 0}, 6: {1: 0, 2: 0, 3: 0}}","{1: {1: 0, 2: 0, 3: 0}, 2: {1: 0, 2: 0, 3: 0}, 3: {1: 0, 2: 0, 3: 0}, 4: {1: 0, 2: 0, 3: 0}, 5: {1: 0, 2: 0, 3: 0}, 6: {1: 0, 2: 0, 3: 0}}",Master problem failed to find feasible solution
6,"[-inf, 231.0, 255.64285714285717, 276.28285714285715, 276.28285714285715]","[392.0, 392.0, 392.0, 392.0, 392.0]",392.0,67.8218924999237,5,640000,"{1: {1: 1, 2: 1, 3: 1}, 2: {1: 1, 2: 1, 3: 1}, 3: {1: 1, 2: 1, 3: 1}, 4: {1: 1, 2: 1, 3: 1}, 5: {1: 1, 2: 1, 3: 1}, 6: {1: 1, 2: 1, 3: 1}}","{1: {1: 1, 2: 1, 3: 0}, 2: {1: 0, 2: 0, 3: 0}, 3: {1: 0, 2: 0, 3: 0}, 4: {1: 0, 2: 0, 3: 0}, 5: {1: 0, 2: 0, 3: 0}, 6: {1: 0, 2: 0, 3: 0}}","{1: {1: 0, 2: 0, 3: 0}, 2: {1: 0, 2: 0, 3: 0}, 3: {1: 0, 2: 0, 3: 0}, 4: {1: 0, 2: 0, 3: 0}, 5: {1: 0, 2: 0, 3: 0}, 6: {1: 0, 2: 0, 3: 0}}",Master problem failed to find feasible solution
6,"[-inf, 231.0, 259.52666666666664, 279.9766666666667, 286.9766666666667, 290.26238095238097]","[392.0, 392.0, 392.0, 392.0, 392.0, 392.0]",392.0,92.77831554412842,6,640000,"{1: {1: 1, 2: 1, 3: 1}, 2: {1: 1, 2: 1, 3: 1}, 3: {1: 1, 2: 1, 3: 1}, 4: {1: 1, 2: 1, 3: 1}, 5: {1: 1, 2: 1, 3: 1}, 6: {1: 1, 2: 1, 3: 1}}","{1: {1: 1, 2: 1, 3: 0}, 2: {1: 0, 2: 0, 3: 0}, 3: {1: 0, 2: 0, 3: 0}, 4: {1: 0, 2: 0, 3: 0}, 5: {1: 0, 2: 0, 3: 0}, 6: {1: 0, 2: 0, 3: 0}}","{1: {1: 0, 2: 0, 3: 0}, 2: {1: 0, 2: 0, 3: 0}, 3: {1: 0, 2: 0, 3: 0}, 4: {1: 0, 2: 0, 3: 0}, 5: {1: 0, 2: 0, 3: 0}, 6: {1: 0, 2: 0, 3: 0}}",Master problem failed to find feasible solution
6,"[-inf, 231.0, 259.64, 264.8757142857143, 282.8507142857143, 282.8507142857143, 284.90785714285715, 288.1221428571429]","[392.0, 392.0, 392.0, 392.0, 392.0, 392.0, 392.0, 392.0]",392.0,170.17113661766052,8,640000,"{1: {1: 1, 2: 1, 3: 1}, 2: {1: 1, 2: 1, 3: 1}, 3: {1: 1, 2: 1, 3: 1}, 4: {1: 1, 2: 1, 3: 1}, 5: {1: 1, 2: 1, 3: 1}, 6: {1: 1, 2: 1, 3: 1}}","{1: {1: 1, 2: 1, 3: 0}, 2: {1: 0, 2: 0, 3: 0}, 3: {1: 0, 2: 0, 3: 0}, 4: {1: 0, 2: 0, 3: 0}, 5: {1: 0, 2: 0, 3: 0}, 6: {1: 0, 2: 0, 3: 0}}","{1: {1: 0, 2: 0, 3: 0}, 2: {1: 0, 2: 0, 3: 0}, 3: {1: 0, 2: 0, 3: 0}, 4: {1: 0, 2: 0, 3: 0}, 5: {1: 0, 2: 0, 3: 0}, 6: {1: 0, 2: 0, 3: 0}}",Master problem failed to find feasible solution
6,"[-inf, 231.0, 259.64, 269.64, 280.1666666666667, 287.1016666666667, 289.6016666666667, 292.977380952381, 292.977380952381]","[392.0, 392.0, 392.0, 392.0, 392.0, 392.0, 392.0, 392.0, 392.0]",392.0,131.14865136146545,9,640000,"{1: {1: 1, 2: 1, 3: 1}, 2: {1: 1, 2: 1, 3: 1}, 3: {1: 1, 2: 1, 3: 1}, 4: {1: 1, 2: 1, 3: 1}, 5: {1: 1, 2: 1, 3: 1}, 6: {1: 1, 2: 1, 3: 1}}","{1: {1: 1, 2: 1, 3: 0}, 2: {1: 0, 2: 0, 3: 0}, 3: {1: 0, 2: 0, 3: 0}, 4: {1: 0, 2: 0, 3: 0}, 5: {1: 0, 2: 0, 3: 0}, 6: {1: 0, 2: 0, 3: 0}}","{1: {1: 0, 2: 0, 3: 0}, 2: {1: 0, 2: 0, 3: 0}, 3: {1: 0, 2: 0, 3: 0}, 4: {1: 0, 2: 0, 3: 0}, 5: {1: 0, 2: 0, 3: 0}, 6: {1: 0, 2: 0, 3: 0}}",Master problem failed to find feasible solution
6,"[-inf, 231.0, 259.64, 280.28, 282.14489795918365, 285.5734693877551, 287.9078571428572, 287.9078571428572, 290.1714285714286, 290.5785714285714, 300.5407453416149]","[392.0, 392.0, 392.0, 392.0, 392.0, 392.0, 392.0, 373.0, 373.0, 373.0, 373.0]",373.0,235.55342602729797,11,640000,"{1: {1: 0, 2: 1, 3: 1}, 2: {1: 1, 2: 1, 3: 1}, 3: {1: 1, 2: 1, 3: 0}, 4: {1: 1, 2: 1, 3: 0}, 5: {1: 1, 2: 1, 3: 0}, 6: {1: 1, 2: 1, 3: 1}}","{1: {1: 0, 2: 1, 3: 0}, 2: {1: 1, 2: 0, 3: 0}, 3: {1: 0, 2: 0, 3: 0}, 4: {1: 0, 2: 0, 3: 0}, 5: {1: 0, 2: 0, 3: 0}, 6: {1: 0, 2: 0, 3: 1}}","{1: {1: 0, 2: 0, 3: 0}, 2: {1: 0, 2: 0, 3: 0}, 3: {1: 0, 2: 0, 3: 1}, 4: {1: 0, 2: 0, 3: 0}, 5: {1: 0, 2: 0, 3: 0}, 6: {1: 0, 2: 0, 3: 0}}",Master problem failed to find feasible solution
6,"[-inf, 231.0, 259.52666666666664, 261.5838095238095]","[392.0, 392.0, 392.0, 392.0]",392.0,51.59556531906128,4,640000,"{1: {1: 1, 2: 1, 3: 1}, 2: {1: 1, 2: 1, 3: 1}, 3: {1: 1, 2: 1, 3: 1}, 4: {1: 1, 2: 1, 3: 1}, 5: {1: 1, 2: 1, 3: 1}, 6: {1: 1, 2: 1, 3: 1}}","{1: {1: 1, 2: 1, 3: 0}, 2: {1: 0, 2: 0, 3: 0}, 3: {1: 0, 2: 0, 3: 0}, 4: {1: 0, 2: 0, 3: 0}, 5: {1: 0, 2: 0, 3: 0}, 6: {1: 0, 2: 0, 3: 0}}","{1: {1: 0, 2: 0, 3: 0}, 2: {1: 0, 2: 0, 3: 0}, 3: {1: 0, 2: 0, 3: 0}, 4: {1: 0, 2: 0, 3: 0}, 5: {1: 0, 2: 0, 3: 0}, 6: {1: 0, 2: 0, 3: 0}}",Master problem failed to find feasible solution
6,"[-inf, 231.0, 254.0, 264.8757142857143, 268.19714285714286, 286.17214285714283, 286.44, 293.375]","[392.0, 392.0, 392.0, 392.0, 392.0, 392.0, 392.0, 392.0]",392.0,142.34677910804749,8,640000,"{1: {1: 1, 2: 1, 3: 1}, 2: {1: 1, 2: 1, 3: 1}, 3: {1: 1, 2: 1, 3: 1}, 4: {1: 1, 2: 1, 3: 1}, 5: {1: 1, 2: 1, 3: 1}, 6: {1: 1, 2: 1, 3: 1}}","{1: {1: 1, 2: 1, 3: 0}, 2: {1: 0, 2: 0, 3: 0}, 3: {1: 0, 2: 0, 3: 0}, 4: {1: 0, 2: 0, 3: 0}, 5: {1: 0, 2: 0, 3: 0}, 6: {1: 0, 2: 0, 3: 0}}","{1: {1: 0, 2: 0, 3: 0}, 2: {1: 0, 2: 0, 3: 0}, 3: {1: 0, 2: 0, 3: 0}, 4: {1: 0, 2: 0, 3: 0}, 5: {1: 0, 2: 0, 3: 0}, 6: {1: 0, 2: 0, 3: 0}}",Master problem failed to find feasible solution
6,"[-inf, 231.0, 259.64, 266.575, 279.07500000000005, 289.78571428571433]","[392.0, 392.0, 392.0, 392.0, 392.0, 392.0]",392.0,72.23914432525635,6,640000,"{1: {1: 1, 2: 1, 3: 1}, 2: {1: 1, 2: 1, 3: 1}, 3: {1: 1, 2: 1, 3: 1}, 4: {1: 1, 2: 1, 3: 1}, 5: {1: 1, 2: 1, 3: 1}, 6: {1: 1, 2: 1, 3: 1}}","{1: {1: 1, 2: 1, 3: 0}, 2: {1: 0, 2: 0, 3: 0}, 3: {1: 0, 2: 0, 3: 0}, 4: {1: 0, 2: 0, 3: 0}, 5: {1: 0, 2: 0, 3: 0}, 6: {1: 0, 2: 0, 3: 0}}","{1: {1: 0, 2: 0, 3: 0}, 2: {1: 0, 2: 0, 3: 0}, 3: {1: 0, 2: 0, 3: 0}, 4: {1: 0, 2: 0, 3: 0}, 5: {1: 0, 2: 0, 3: 0}, 6: {1: 0, 2: 0, 3: 0}}",Master problem failed to find feasible solution
6,"[-inf, 231.0, 259.64, 280.28, 280.28, 287.21500000000003, 290.5364285714286]","[392.0, 392.0, 392.0, 392.0, 392.0, 392.0, 392.0]",392.0,87.27984809875488,7,640000,"{1: {1: 1, 2: 1, 3: 1}, 2: {1: 1, 2: 1, 3: 1}, 3: {1: 1, 2: 1, 3: 1}, 4: {1: 1, 2: 1, 3: 1}, 5: {1: 1, 2: 1, 3: 1}, 6: {1: 1, 2: 1, 3: 1}}","{1: {1: 1, 2: 1, 3: 0}, 2: {1: 0, 2: 0, 3: 0}, 3: {1: 0, 2: 0, 3: 0}, 4: {1: 0, 2: 0, 3: 0}, 5: {1: 0, 2: 0, 3: 0}, 6: {1: 0, 2: 0, 3: 0}}","{1: {1: 0, 2: 0, 3: 0}, 2: {1: 0, 2: 0, 3: 0}, 3: {1: 0, 2: 0, 3: 0}, 4: {1: 0, 2: 0, 3: 0}, 5: {1: 0, 2: 0, 3: 0}, 6: {1: 0, 2: 0, 3: 0}}",Master problem failed to find feasible solution
6,"[-inf, 231.0, 259.64, 268.8707692307692, 280.68285714285713, 283.379387755102, 283.379387755102]","[392.0, 392.0, 392.0, 392.0, 392.0, 392.0, 392.0]",392.0,103.30994153022766,7,640000,"{1: {1: 1, 2: 1, 3: 1}, 2: {1: 1, 2: 1, 3: 1}, 3: {1: 1, 2: 1, 3: 1}, 4: {1: 1, 2: 1, 3: 1}, 5: {1: 1, 2: 1, 3: 1}, 6: {1: 1, 2: 1, 3: 1}}","{1: {1: 1, 2: 1, 3: 0}, 2: {1: 0, 2: 0, 3: 0}, 3: {1: 0, 2: 0, 3: 0}, 4: {1: 0, 2: 0, 3: 0}, 5: {1: 0, 2: 0, 3: 0}, 6: {1: 0, 2: 0, 3: 0}}","{1: {1: 0, 2: 0, 3: 0}, 2: {1: 0, 2: 0, 3: 0}, 3: {1: 0, 2: 0, 3: 0}, 4: {1: 0, 2: 0, 3: 0}, 5: {1: 0, 2: 0, 3: 0}, 6: {1: 0, 2: 0, 3: 0}}",Master problem failed to find feasible solution
6,"[-inf, 231.0, 259.64, 280.28, 287.21500000000003, 287.21500000000003]","[392.0, 392.0, 392.0, 392.0, 392.0, 375.5]",375.5,68.27067136764526,6,640000,"{1: {1: 1, 2: 1, 3: 0}, 2: {1: 1, 2: 1, 3: 0}, 3: {1: 1, 2: 1, 3: 0}, 4: {1: 1, 2: 1, 3: 1}, 5: {1: 1, 2: 1, 3: 1}, 6: {1: 1, 2: 1, 3: 1}}","{1: {1: 1, 2: 1, 3: 0}, 2: {1: 0, 2: 0, 3: 0}, 3: {1: 0, 2: 0, 3: 0}, 4: {1: 0, 2: 0, 3: 1}, 5: {1: 0, 2: 0, 3: 0}, 6: {1: 0, 2: 0, 3: 0}}","{1: {1: 0, 2: 0, 3: 1}, 2: {1: 0, 2: 0, 3: 0}, 3: {1: 0, 2: 0, 3: 0}, 4: {1: 0, 2: 0, 3: 0}, 5: {1: 0, 2: 0, 3: 0}, 6: {1: 0, 2: 0, 3: 0}}",Master problem failed to find feasible solution
6,"[-inf, 231.0, 259.64, 266.575, 287.21500000000003, 287.21500000000003]","[392.0, 392.0, 392.0, 392.0, 392.0, 392.0]",392.0,74.72742962837219,6,640000,"{1: {1: 1, 2: 1, 3: 1}, 2: {1: 1, 2: 1, 3: 1}, 3: {1: 1, 2: 1, 3: 1}, 4: {1: 1, 2: 1, 3: 1}, 5: {1: 1, 2: 1, 3: 1}, 6: {1: 1, 2: 1, 3: 1}}","{1: {1: 1, 2: 1, 3: 0}, 2: {1: 0, 2: 0, 3: 0}, 3: {1: 0, 2: 0, 3: 0}, 4: {1: 0, 2: 0, 3: 0}, 5: {1: 0, 2: 0, 3: 0}, 6: {1: 0, 2: 0, 3: 0}}","{1: {1: 0, 2: 0, 3: 0}, 2: {1: 0, 2: 0, 3: 0}, 3: {1: 0, 2: 0, 3: 0}, 4: {1: 0, 2: 0, 3: 0}, 5: {1: 0, 2: 0, 3: 0}, 6: {1: 0, 2: 0, 3: 0}}",Master problem failed to find feasible solution
6,"[-inf, 231.0, 259.64, 276.28285714285715, 287.21500000000003, 287.21500000000003, 289.5, 289.5]","[392.0, 392.0, 392.0, 392.0, 392.0, 392.0, 392.0, 392.0]",392.0,101.47658848762512,8,640000,"{1: {1: 1, 2: 1, 3: 1}, 2: {1: 1, 2: 1, 3: 1}, 3: {1: 1, 2: 1, 3: 1}, 4: {1: 1, 2: 1, 3: 1}, 5: {1: 1, 2: 1, 3: 1}, 6: {1: 1, 2: 1, 3: 1}}","{1: {1: 1, 2: 1, 3: 0}, 2: {1: 0, 2: 0, 3: 0}, 3: {1: 0, 2: 0, 3: 0}, 4: {1: 0, 2: 0, 3: 0}, 5: {1: 0, 2: 0, 3: 0}, 6: {1: 0, 2: 0, 3: 0}}","{1: {1: 0, 2: 0, 3: 0}, 2: {1: 0, 2: 0, 3: 0}, 3: {1: 0, 2: 0, 3: 0}, 4: {1: 0, 2: 0, 3: 0}, 5: {1: 0, 2: 0, 3: 0}, 6: {1: 0, 2: 0, 3: 0}}",Master problem failed to find feasible solution
6,"[-inf, 231.0, 259.64, 269.64, 280.94, 296.14492481203007]","[392.0, 392.0, 392.0, 392.0, 381.05, 381.05]",381.05,112.6561119556427,6,640000,"{1: {1: 1, 2: 1, 3: 0}, 2: {1: 1, 2: 1, 3: 0}, 3: {1: 1, 2: 1, 3: 1}, 4: {1: 1, 2: 1, 3: 1}, 5: {1: 1, 2: 1, 3: 0}, 6: {1: 1, 2: 0, 3: 1}}","{1: {1: 1, 2: 1, 3: 0}, 2: {1: 0, 2: 0, 3: 0}, 3: {1: 0, 2: 0, 3: 1}, 4: {1: 0, 2: 0, 3: 0}, 5: {1: 0, 2: 0, 3: 0}, 6: {1: 0, 2: 0, 3: 1}}","{1: {1: 0, 2: 0, 3: 1}, 2: {1: 0, 2: 0, 3: 0}, 3: {1: 0, 2: 0, 3: 0}, 4: {1: 0, 2: 0, 3: 0}, 5: {1: 0, 2: 0, 3: 1}, 6: {1: 0, 2: 1, 3: 0}}",Master problem failed to find feasible solution
6,"[-inf, 231.0, 255.64285714285717, 276.1695238095238, 286.9766666666667, 290.26238095238097, 290.26238095238097]","[392.0, 392.0, 392.0, 392.0, 392.0, 392.0, 392.0]",392.0,122.92685651779175,7,640000,"{1: {1: 1, 2: 1, 3: 1}, 2: {1: 1, 2: 1, 3: 1}, 3: {1: 1, 2: 1, 3: 1}, 4: {1: 1, 2: 1, 3: 1}, 5: {1: 1, 2: 1, 3: 1}, 6: {1: 1, 2: 1, 3: 1}}","{1: {1: 1, 2: 1, 3: 0}, 2: {1: 0, 2: 0, 3: 0}, 3: {1: 0, 2: 0, 3: 0}, 4: {1: 0, 2: 0, 3: 0}, 5: {1: 0, 2: 0, 3: 0}, 6: {1: 0, 2: 0, 3: 0}}","{1: {1: 0, 2: 0, 3: 0}, 2: {1: 0, 2: 0, 3: 0}, 3: {1: 0, 2: 0, 3: 0}, 4: {1: 0, 2: 0, 3: 0}, 5: {1: 0, 2: 0, 3: 0}, 6: {1: 0, 2: 0, 3: 0}}",Master problem failed to find feasible solution
6,"[-inf, 231.0, 254.8, 264.8, 285.44, 288.0023809523809, 291.33214285714286]","[392.0, 392.0, 392.0, 392.0, 392.0, 392.0, 392.0]",392.0,88.92689871788025,7,640000,"{1: {1: 1, 2: 1, 3: 1}, 2: {1: 1, 2: 1, 3: 1}, 3: {1: 1, 2: 1, 3: 1}, 4: {1: 1, 2: 1, 3: 1}, 5: {1: 1, 2: 1, 3: 1}, 6: {1: 1, 2: 1, 3: 1}}","{1: {1: 1, 2: 1, 3: 0}, 2: {1: 0, 2: 0, 3: 0}, 3: {1: 0, 2: 0, 3: 0}, 4: {1: 0, 2: 0, 3: 0}, 5: {1: 0, 2: 0, 3: 0}, 6: {1: 0, 2: 0, 3: 0}}","{1: {1: 0, 2: 0, 3: 0}, 2: {1: 0, 2: 0, 3: 0}, 3: {1: 0, 2: 0, 3: 0}, 4: {1: 0, 2: 0, 3: 0}, 5: {1: 0, 2: 0, 3: 0}, 6: {1: 0, 2: 0, 3: 0}}",Master problem failed to find feasible solution
6,"[-inf, 231.0, 259.52666666666664, 260.6695238095238, 280.1666666666667, 283.0238095238095, 286.30952380952385, 286.3519047619048]","[392.0, 392.0, 392.0, 392.0, 392.0, 392.0, 392.0, 392.0]",392.0,120.5243673324585,8,640000,"{1: {1: 1, 2: 1, 3: 1}, 2: {1: 1, 2: 1, 3: 1}, 3: {1: 1, 2: 1, 3: 1}, 4: {1: 1, 2: 1, 3: 1}, 5: {1: 1, 2: 1, 3: 1}, 6: {1: 1, 2: 1, 3: 1}}","{1: {1: 1, 2: 1, 3: 0}, 2: {1: 0, 2: 0, 3: 0}, 3: {1: 0, 2: 0, 3: 0}, 4: {1: 0, 2: 0, 3: 0}, 5: {1: 0, 2: 0, 3: 0}, 6: {1: 0, 2: 0, 3: 0}}","{1: {1: 0, 2: 0, 3: 0}, 2: {1: 0, 2: 0, 3: 0}, 3: {1: 0, 2: 0, 3: 0}, 4: {1: 0, 2: 0, 3: 0}, 5: {1: 0, 2: 0, 3: 0}, 6: {1: 0, 2: 0, 3: 0}}",Master problem failed to find feasible solution
6,"[-inf, 231.0, 255.64285714285717, 269.2792207792208, 279.4971428571429, 290.4292857142857, 290.4292857142857, 290.4292857142857, 290.8042857142857]","[392.0, 392.0, 392.0, 392.0, 392.0, 392.0, 392.0, 392.0, 392.0]",392.0,132.65251111984253,9,640000,"{1: {1: 1, 2: 1, 3: 1}, 2: {1: 1, 2: 1, 3: 1}, 3: {1: 1, 2: 1, 3: 1}, 4: {1: 1, 2: 1, 3: 1}, 5: {1: 1, 2: 1, 3: 1}, 6: {1: 1, 2: 1, 3: 1}}","{1: {1: 1, 2: 1, 3: 0}, 2: {1: 0, 2: 0, 3: 0}, 3: {1: 0, 2: 0, 3: 0}, 4: {1: 0, 2: 0, 3: 0}, 5: {1: 0, 2: 0, 3: 0}, 6: {1: 0, 2: 0, 3: 0}}","{1: {1: 0, 2: 0, 3: 0}, 2: {1: 0, 2: 0, 3: 0}, 3: {1: 0, 2: 0, 3: 0}, 4: {1: 0, 2: 0, 3: 0}, 5: {1: 0, 2: 0, 3: 0}, 6: {1: 0, 2: 0, 3: 0}}",Master problem failed to find feasible solution
6,"[-inf, 231.0, 254.8, 264.8, 277.3, 288.0023809523809]","[392.0, 392.0, 392.0, 392.0, 392.0, 392.0]",392.0,84.33159828186035,6,640000,"{1: {1: 1, 2: 1, 3: 1}, 2: {1: 1, 2: 1, 3: 1}, 3: {1: 1, 2: 1, 3: 1}, 4: {1: 1, 2: 1, 3: 1}, 5: {1: 1, 2: 1, 3: 1}, 6: {1: 1, 2: 1, 3: 1}}","{1: {1: 1, 2: 1, 3: 0}, 2: {1: 0, 2: 0, 3: 0}, 3: {1: 0, 2: 0, 3: 0}, 4: {1: 0, 2: 0, 3: 0}, 5: {1: 0, 2: 0, 3: 0}, 6: {1: 0, 2: 0, 3: 0}}","{1: {1: 0, 2: 0, 3: 0}, 2: {1: 0, 2: 0, 3: 0}, 3: {1: 0, 2: 0, 3: 0}, 4: {1: 0, 2: 0, 3: 0}, 5: {1: 0, 2: 0, 3: 0}, 6: {1: 0, 2: 0, 3: 0}}",Master problem failed to find feasible solution
6,"[-inf, 231.0, 254.0, 264.8757142857143, 282.8507142857143, 289.78571428571433, 289.78571428571433, 289.78571428571433]","[392.0, 392.0, 392.0, 392.0, 392.0, 392.0, 392.0, 392.0]",392.0,98.86652088165283,8,640000,"{1: {1: 1, 2: 1, 3: 1}, 2: {1: 1, 2: 1, 3: 1}, 3: {1: 1, 2: 1, 3: 1}, 4: {1: 1, 2: 1, 3: 1}, 5: {1: 1, 2: 1, 3: 1}, 6: {1: 1, 2: 1, 3: 1}}","{1: {1: 1, 2: 1, 3: 0}, 2: {1: 0, 2: 0, 3: 0}, 3: {1: 0, 2: 0, 3: 0}, 4: {1: 0, 2: 0, 3: 0}, 5: {1: 0, 2: 0, 3: 0}, 6: {1: 0, 2: 0, 3: 0}}","{1: {1: 0, 2: 0, 3: 0}, 2: {1: 0, 2: 0, 3: 0}, 3: {1: 0, 2: 0, 3: 0}, 4: {1: 0, 2: 0, 3: 0}, 5: {1: 0, 2: 0, 3: 0}, 6: {1: 0, 2: 0, 3: 0}}",Master problem failed to find feasible solution
6,"[-inf, 231.0, 259.64, 262.9614285714286, 265.23415584415585, 265.23415584415585, 283.10785714285714]","[392.0, 392.0, 392.0, 392.0, 392.0, 392.0, 392.0]",392.0,122.60376763343811,7,640000,"{1: {1: 1, 2: 1, 3: 1}, 2: {1: 1, 2: 1, 3: 1}, 3: {1: 1, 2: 1, 3: 1}, 4: {1: 1, 2: 1, 3: 1}, 5: {1: 1, 2: 1, 3: 1}, 6: {1: 1, 2: 1, 3: 1}}","{1: {1: 1, 2: 1, 3: 0}, 2: {1: 0, 2: 0, 3: 0}, 3: {1: 0, 2: 0, 3: 0}, 4: {1: 0, 2: 0, 3: 0}, 5: {1: 0, 2: 0, 3: 0}, 6: {1: 0, 2: 0, 3: 0}}","{1: {1: 0, 2: 0, 3: 0}, 2: {1: 0, 2: 0, 3: 0}, 3: {1: 0, 2: 0, 3: 0}, 4: {1: 0, 2: 0, 3: 0}, 5: {1: 0, 2: 0, 3: 0}, 6: {1: 0, 2: 0, 3: 0}}",Master problem failed to find feasible solution
6,"[-inf, 231.0, 255.64285714285717, 269.2792207792208, 271.4464285714286, 271.4464285714286, 279.59809523809525]","[392.0, 392.0, 392.0, 392.0, 392.0, 392.0, 392.0]",392.0,116.04885292053223,7,640000,"{1: {1: 1, 2: 1, 3: 1}, 2: {1: 1, 2: 1, 3: 1}, 3: {1: 1, 2: 1, 3: 1}, 4: {1: 1, 2: 1, 3: 1}, 5: {1: 1, 2: 1, 3: 1}, 6: {1: 1, 2: 1, 3: 1}}","{1: {1: 1, 2: 1, 3: 0}, 2: {1: 0, 2: 0, 3: 0}, 3: {1: 0, 2: 0, 3: 0}, 4: {1: 0, 2: 0, 3: 0}, 5: {1: 0, 2: 0, 3: 0}, 6: {1: 0, 2: 0, 3: 0}}","{1: {1: 0, 2: 0, 3: 0}, 2: {1: 0, 2: 0, 3: 0}, 3: {1: 0, 2: 0, 3: 0}, 4: {1: 0, 2: 0, 3: 0}, 5: {1: 0, 2: 0, 3: 0}, 6: {1: 0, 2: 0, 3: 0}}",Master problem failed to find feasible solution
6,"[-inf, 231.0, 259.64, 272.14, 279.565, 286.5, 288.1285714285715, 291.41357142857146]","[392.0, 392.0, 392.0, 392.0, 392.0, 392.0, 392.0, 392.0]",392.0,150.57605075836182,8,640000,"{1: {1: 1, 2: 1, 3: 1}, 2: {1: 1, 2: 1, 3: 1}, 3: {1: 1, 2: 1, 3: 1}, 4: {1: 1, 2: 1, 3: 1}, 5: {1: 1, 2: 1, 3: 1}, 6: {1: 1, 2: 1, 3: 1}}","{1: {1: 1, 2: 1, 3: 0}, 2: {1: 0, 2: 0, 3: 0}, 3: {1: 0, 2: 0, 3: 0}, 4: {1: 0, 2: 0, 3: 0}, 5: {1: 0, 2: 0, 3: 0}, 6: {1: 0, 2: 0, 3: 0}}","{1: {1: 0, 2: 0, 3: 0}, 2: {1: 0, 2: 0, 3: 0}, 3: {1: 0, 2: 0, 3: 0}, 4: {1: 0, 2: 0, 3: 0}, 5: {1: 0, 2: 0, 3: 0}, 6: {1: 0, 2: 0, 3: 0}}",Master problem failed to find feasible solution
6,"[-inf, 231.0, 259.64]","[392.0, 392.0, 392.0]",392.0,44.96191883087158,3,640000,"{1: {1: 1, 2: 1, 3: 1}, 2: {1: 1, 2: 1, 3: 1}, 3: {1: 1, 2: 1, 3: 1}, 4: {1: 1, 2: 1, 3: 1}, 5: {1: 1, 2: 1, 3: 1}, 6: {1: 1, 2: 1, 3: 1}}","{1: {1: 1, 2: 1, 3: 0}, 2: {1: 0, 2: 0, 3: 0}, 3: {1: 0, 2: 0, 3: 0}, 4: {1: 0, 2: 0, 3: 0}, 5: {1: 0, 2: 0, 3: 0}, 6: {1: 0, 2: 0, 3: 0}}","{1: {1: 0, 2: 0, 3: 0}, 2: {1: 0, 2: 0, 3: 0}, 3: {1: 0, 2: 0, 3: 0}, 4: {1: 0, 2: 0, 3: 0}, 5: {1: 0, 2: 0, 3: 0}, 6: {1: 0, 2: 0, 3: 0}}",Master problem failed to find feasible solution
6,"[-inf, 231.0, 254.0, 270.37857142857143, 280.075, 283.825, 286.17214285714283, 286.17214285714283, 293.10714285714283, 295.64464285714286]","[392.0, 392.0, 392.0, 392.0, 392.0, 392.0, 392.0, 392.0, 367.05, 358.0]",358.0,217.38929271697998,10,640000,"{1: {1: 1, 2: 1, 3: 0}, 2: {1: 1, 2: 1, 3: 0}, 3: {1: 1, 2: 1, 3: 0}, 4: {1: 1, 2: 1, 3: 0}, 5: {1: 1, 2: 1, 3: 1}, 6: {1: 1, 2: 1, 3: 0}}","{1: {1: 1, 2: 1, 3: 0}, 2: {1: 0, 2: 0, 3: 0}, 3: {1: 0, 2: 0, 3: 0}, 4: {1: 0, 2: 0, 3: 0}, 5: {1: 0, 2: 0, 3: 1}, 6: {1: 0, 2: 0, 3: 0}}","{1: {1: 0, 2: 0, 3: 1}, 2: {1: 0, 2: 0, 3: 0}, 3: {1: 0, 2: 0, 3: 0}, 4: {1: 0, 2: 0, 3: 0}, 5: {1: 0, 2: 0, 3: 0}, 6: {1: 0, 2: 0, 3: 1}}",Master problem failed to find feasible solution
6,"[-inf, 231.0, 254.0, 261.5, 275.25187969924815]","[392.0, 392.0, 392.0, 392.0, 392.0]",392.0,70.55154037475586,5,640000,"{1: {1: 1, 2: 1, 3: 1}, 2: {1: 1, 2: 1, 3: 1}, 3: {1: 1, 2: 1, 3: 1}, 4: {1: 1, 2: 1, 3: 1}, 5: {1: 1, 2: 1, 3: 1}, 6: {1: 1, 2: 1, 3: 1}}","{1: {1: 1, 2: 1, 3: 0}, 2: {1: 0, 2: 0, 3: 0}, 3: {1: 0, 2: 0, 3: 0}, 4: {1: 0, 2: 0, 3: 0}, 5: {1: 0, 2: 0, 3: 0}, 6: {1: 0, 2: 0, 3: 0}}","{1: {1: 0, 2: 0, 3: 0}, 2: {1: 0, 2: 0, 3: 0}, 3: {1: 0, 2: 0, 3: 0}, 4: {1: 0, 2: 0, 3: 0}, 5: {1: 0, 2: 0, 3: 0}, 6: {1: 0, 2: 0, 3: 0}}",Master problem failed to find feasible solution
6,"[-inf, 231.0, 255.64285714285717, 276.28285714285715, 279.0714285714286, 279.0714285714286]","[392.0, 392.0, 392.0, 392.0, 392.0, 392.0]",392.0,79.88578033447266,6,640000,"{1: {1: 1, 2: 1, 3: 1}, 2: {1: 1, 2: 1, 3: 1}, 3: {1: 1, 2: 1, 3: 1}, 4: {1: 1, 2: 1, 3: 1}, 5: {1: 1, 2: 1, 3: 1}, 6: {1: 1, 2: 1, 3: 1}}","{1: {1: 1, 2: 1, 3: 0}, 2: {1: 0, 2: 0, 3: 0}, 3: {1: 0, 2: 0, 3: 0}, 4: {1: 0, 2: 0, 3: 0}, 5: {1: 0, 2: 0, 3: 0}, 6: {1: 0, 2: 0, 3: 0}}","{1: {1: 0, 2: 0, 3: 0}, 2: {1: 0, 2: 0, 3: 0}, 3: {1: 0, 2: 0, 3: 0}, 4: {1: 0, 2: 0, 3: 0}, 5: {1: 0, 2: 0, 3: 0}, 6: {1: 0, 2: 0, 3: 0}}",Master problem failed to find feasible solution
6,"[-inf, 231.0, 247.36363636363637, 262.9614285714286, 272.14, 278.5685714285715, 291.75428571428574]","[392.0, 392.0, 392.0, 392.0, 392.0, 378.3, 378.3]",378.3,150.52477192878723,7,640000,"{1: {1: 1, 2: 0, 3: 0}, 2: {1: 1, 2: 1, 3: 1}, 3: {1: 1, 2: 0, 3: 1}, 4: {1: 1, 2: 1, 3: 0}, 5: {1: 1, 2: 1, 3: 0}, 6: {1: 1, 2: 1, 3: 1}}","{1: {1: 1, 2: 0, 3: 0}, 2: {1: 0, 2: 1, 3: 1}, 3: {1: 0, 2: 0, 3: 0}, 4: {1: 0, 2: 1, 3: 0}, 5: {1: 0, 2: 0, 3: 0}, 6: {1: 0, 2: 0, 3: 1}}","{1: {1: 0, 2: 0, 3: 1}, 2: {1: 0, 2: 0, 3: 0}, 3: {1: 0, 2: 1, 3: 0}, 4: {1: 0, 2: 0, 3: 1}, 5: {1: 0, 2: 0, 3: 0}, 6: {1: 0, 2: 0, 3: 0}}",Master problem failed to find feasible solution
6,"[-inf, 231.0, 259.64, 276.28285714285715, 279.0714285714286]","[392.0, 392.0, 392.0, 392.0, 392.0]",392.0,65.6784839630127,5,640000,"{1: {1: 1, 2: 1, 3: 1}, 2: {1: 1, 2: 1, 3: 1}, 3: {1: 1, 2: 1, 3: 1}, 4: {1: 1, 2: 1, 3: 1}, 5: {1: 1, 2: 1, 3: 1}, 6: {1: 1, 2: 1, 3: 1}}","{1: {1: 1, 2: 1, 3: 0}, 2: {1: 0, 2: 0, 3: 0}, 3: {1: 0, 2: 0, 3: 0}, 4: {1: 0, 2: 0, 3: 0}, 5: {1: 0, 2: 0, 3: 0}, 6: {1: 0, 2: 0, 3: 0}}","{1: {1: 0, 2: 0, 3: 0}, 2: {1: 0, 2: 0, 3: 0}, 3: {1: 0, 2: 0, 3: 0}, 4: {1: 0, 2: 0, 3: 0}, 5: {1: 0, 2: 0, 3: 0}, 6: {1: 0, 2: 0, 3: 0}}",Master problem failed to find feasible solution
6,"[-inf, 231.0, 259.64, 272.14, 275.56857142857143, 282.5035714285715, 284.66785714285714, 285.3168723135272, 295.34214285714285]","[392.0, 392.0, 392.0, 392.0, 392.0, 360.0, 360.0, 360.0, 360.0]",360.0,160.3723509311676,9,640000,"{1: {1: 0, 2: 1, 3: 1}, 2: {1: 1, 2: 1, 3: 1}, 3: {1: 1, 2: 1, 3: 0}, 4: {1: 1, 2: 1, 3: 0}, 5: {1: 1, 2: 1, 3: 0}, 6: {1: 1, 2: 1, 3: 0}}","{1: {1: 0, 2: 1, 3: 0}, 2: {1: 1, 2: 0, 3: 0}, 3: {1: 0, 2: 0, 3: 0}, 4: {1: 0, 2: 0, 3: 0}, 5: {1: 0, 2: 0, 3: 0}, 6: {1: 0, 2: 0, 3: 0}}","{1: {1: 0, 2: 0, 3: 0}, 2: {1: 0, 2: 0, 3: 0}, 3: {1: 0, 2: 0, 3: 1}, 4: {1: 0, 2: 0, 3: 0}, 5: {1: 0, 2: 0, 3: 0}, 6: {1: 0, 2: 0, 3: 0}}",Master problem failed to find feasible solution
6,"[-inf, 231.0, 259.64, 261.9127272727273, 276.28285714285715, 287.21500000000003, 290.6435714285715, 298.37571428571425]","[392.0, 392.0, 392.0, 392.0, 392.0, 392.0, 379.0, 379.0]",379.0,94.2111337184906,8,640000,"{1: {1: 1, 2: 1, 3: 0}, 2: {1: 1, 2: 1, 3: 0}, 3: {1: 1, 2: 1, 3: 1}, 4: {1: 1, 2: 1, 3: 0}, 5: {1: 1, 2: 1, 3: 1}, 6: {1: 1, 2: 1, 3: 1}}","{1: {1: 1, 2: 1, 3: 0}, 2: {1: 0, 2: 0, 3: 0}, 3: {1: 0, 2: 0, 3: 1}, 4: {1: 0, 2: 0, 3: 0}, 5: {1: 0, 2: 0, 3: 1}, 6: {1: 0, 2: 0, 3: 0}}","{1: {1: 0, 2: 0, 3: 1}, 2: {1: 0, 2: 0, 3: 0}, 3: {1: 0, 2: 0, 3: 0}, 4: {1: 0, 2: 0, 3: 1}, 5: {1: 0, 2: 0, 3: 0}, 6: {1: 0, 2: 0, 3: 0}}",Master problem failed to find feasible solution
6,"[-inf, 231.0, 259.64, 262.90785714285715, 269.64]","[392.0, 392.0, 392.0, 392.0, 392.0]",392.0,71.00762128829956,5,640000,"{1: {1: 1, 2: 1, 3: 1}, 2: {1: 1, 2: 1, 3: 1}, 3: {1: 1, 2: 1, 3: 1}, 4: {1: 1, 2: 1, 3: 1}, 5: {1: 1, 2: 1, 3: 1}, 6: {1: 1, 2: 1, 3: 1}}","{1: {1: 1, 2: 1, 3: 0}, 2: {1: 0, 2: 0, 3: 0}, 3: {1: 0, 2: 0, 3: 0}, 4: {1: 0, 2: 0, 3: 0}, 5: {1: 0, 2: 0, 3: 0}, 6: {1: 0, 2: 0, 3: 0}}","{1: {1: 0, 2: 0, 3: 0}, 2: {1: 0, 2: 0, 3: 0}, 3: {1: 0, 2: 0, 3: 0}, 4: {1: 0, 2: 0, 3: 0}, 5: {1: 0, 2: 0, 3: 0}, 6: {1: 0, 2: 0, 3: 0}}",Master problem failed to find feasible solution
6,"[-inf, 231.0, 259.64, 280.28, 283.7085714285714, 283.7085714285714]","[392.0, 392.0, 392.0, 392.0, 392.0, 392.0]",392.0,113.17335510253906,6,640000,"{1: {1: 1, 2: 1, 3: 1}, 2: {1: 1, 2: 1, 3: 1}, 3: {1: 1, 2: 1, 3: 1}, 4: {1: 1, 2: 1, 3: 1}, 5: {1: 1, 2: 1, 3: 1}, 6: {1: 1, 2: 1, 3: 1}}","{1: {1: 1, 2: 1, 3: 0}, 2: {1: 0, 2: 0, 3: 0}, 3: {1: 0, 2: 0, 3: 0}, 4: {1: 0, 2: 0, 3: 0}, 5: {1: 0, 2: 0, 3: 0}, 6: {1: 0, 2: 0, 3: 0}}","{1: {1: 0, 2: 0, 3: 0}, 2: {1: 0, 2: 0, 3: 0}, 3: {1: 0, 2: 0, 3: 0}, 4: {1: 0, 2: 0, 3: 0}, 5: {1: 0, 2: 0, 3: 0}, 6: {1: 0, 2: 0, 3: 0}}",Master problem failed to find feasible solution
6,"[-inf, 231.0, 259.64, 264.9971428571429, 282.14489795918365, 282.14489795918365]","[392.0, 392.0, 392.0, 392.0, 392.0, 392.0]",392.0,76.19274473190308,6,640000,"{1: {1: 1, 2: 1, 3: 1}, 2: {1: 1, 2: 1, 3: 1}, 3: {1: 1, 2: 1, 3: 1}, 4: {1: 1, 2: 1, 3: 1}, 5: {1: 1, 2: 1, 3: 1}, 6: {1: 1, 2: 1, 3: 1}}","{1: {1: 1, 2: 1, 3: 0}, 2: {1: 0, 2: 0, 3: 0}, 3: {1: 0, 2: 0, 3: 0}, 4: {1: 0, 2: 0, 3: 0}, 5: {1: 0, 2: 0, 3: 0}, 6: {1: 0, 2: 0, 3: 0}}","{1: {1: 0, 2: 0, 3: 0}, 2: {1: 0, 2: 0, 3: 0}, 3: {1: 0, 2: 0, 3: 0}, 4: {1: 0, 2: 0, 3: 0}, 5: {1: 0, 2: 0, 3: 0}, 6: {1: 0, 2: 0, 3: 0}}",Master problem failed to find feasible solution
6,"[-inf, 231.0, 259.64, 280.28, 282.14489795918365, 288.95918367346934]","[392.0, 392.0, 392.0, 392.0, 392.0, 392.0]",392.0,95.98426032066345,6,640000,"{1: {1: 1, 2: 1, 3: 1}, 2: {1: 1, 2: 1, 3: 1}, 3: {1: 1, 2: 1, 3: 1}, 4: {1: 1, 2: 1, 3: 1}, 5: {1: 1, 2: 1, 3: 1}, 6: {1: 1, 2: 1, 3: 1}}","{1: {1: 1, 2: 1, 3: 0}, 2: {1: 0, 2: 0, 3: 0}, 3: {1: 0, 2: 0, 3: 0}, 4: {1: 0, 2: 0, 3: 0}, 5: {1: 0, 2: 0, 3: 0}, 6: {1: 0, 2: 0, 3: 0}}","{1: {1: 0, 2: 0, 3: 0}, 2: {1: 0, 2: 0, 3: 0}, 3: {1: 0, 2: 0, 3: 0}, 4: {1: 0, 2: 0, 3: 0}, 5: {1: 0, 2: 0, 3: 0}, 6: {1: 0, 2: 0, 3: 0}}",Master problem failed to find feasible solution
6,"[-inf, 231.0, 247.36363636363637, 262.0714285714286, 262.0714285714286, 268.14285714285717, 279.0185714285715, 282.34000000000003, 282.34000000000003]","[392.0, 392.0, 392.0, 392.0, 392.0, 392.0, 392.0, 391.5, 391.5]",391.5,158.7471308708191,9,640000,"{1: {1: 1, 2: 1, 3: 1}, 2: {1: 1, 2: 1, 3: 0}, 3: {1: 1, 2: 1, 3: 0}, 4: {1: 0, 2: 1, 3: 0}, 5: {1: 1, 2: 1, 3: 1}, 6: {1: 1, 2: 1, 3: 0}}","{1: {1: 1, 2: 1, 3: 0}, 2: {1: 0, 2: 0, 3: 0}, 3: {1: 0, 2: 0, 3: 0}, 4: {1: 0, 2: 0, 3: 0}, 5: {1: 1, 2: 0, 3: 1}, 6: {1: 0, 2: 0, 3: 0}}","{1: {1: 0, 2: 0, 3: 0}, 2: {1: 0, 2: 0, 3: 1}, 3: {1: 0, 2: 0, 3: 0}, 4: {1: 1, 2: 0, 3: 0}, 5: {1: 0, 2: 0, 3: 0}, 6: {1: 0, 2: 0, 3: 1}}",Master problem failed to find feasible solution
6,"[-inf, 231.0, 259.52666666666664, 276.1695238095238, 286.7259147869674, 286.7259147869674]","[392.0, 392.0, 392.0, 392.0, 392.0, 392.0]",392.0,113.21723198890686,6,640000,"{1: {1: 1, 2: 1, 3: 1}, 2: {1: 1, 2: 1, 3: 1}, 3: {1: 1, 2: 1, 3: 1}, 4: {1: 1, 2: 1, 3: 1}, 5: {1: 1, 2: 1, 3: 1}, 6: {1: 1, 2: 1, 3: 1}}","{1: {1: 1, 2: 1, 3: 0}, 2: {1: 0, 2: 0, 3: 0}, 3: {1: 0, 2: 0, 3: 0}, 4: {1: 0, 2: 0, 3: 0}, 5: {1: 0, 2: 0, 3: 0}, 6: {1: 0, 2: 0, 3: 0}}","{1: {1: 0, 2: 0, 3: 0}, 2: {1: 0, 2: 0, 3: 0}, 3: {1: 0, 2: 0, 3: 0}, 4: {1: 0, 2: 0, 3: 0}, 5: {1: 0, 2: 0, 3: 0}, 6: {1: 0, 2: 0, 3: 0}}",Master problem failed to find feasible solution
6,"[-inf, 231.0, 254.8, 269.8, 269.8]","[392.0, 392.0, 392.0, 392.0, 392.0]",392.0,72.75833916664124,5,640000,"{1: {1: 1, 2: 1, 3: 1}, 2: {1: 1, 2: 1, 3: 1}, 3: {1: 1, 2: 1, 3: 1}, 4: {1: 1, 2: 1, 3: 1}, 5: {1: 1, 2: 1, 3: 1}, 6: {1: 1, 2: 1, 3: 1}}","{1: {1: 1, 2: 1, 3: 0}, 2: {1: 0, 2: 0, 3: 0}, 3: {1: 0, 2: 0, 3: 0}, 4: {1: 0, 2: 0, 3: 0}, 5: {1: 0, 2: 0, 3: 0}, 6: {1: 0, 2: 0, 3: 0}}","{1: {1: 0, 2: 0, 3: 0}, 2: {1: 0, 2: 0, 3: 0}, 3: {1: 0, 2: 0, 3: 0}, 4: {1: 0, 2: 0, 3: 0}, 5: {1: 0, 2: 0, 3: 0}, 6: {1: 0, 2: 0, 3: 0}}",Master problem failed to find feasible solution
6,"[-inf, 231.0, 254.0, 272.14, 276.7318367346939, 276.7318367346939, 278.7889795918367]","[392.0, 392.0, 392.0, 392.0, 392.0, 392.0, 392.0]",392.0,97.29875493049622,7,640000,"{1: {1: 1, 2: 1, 3: 1}, 2: {1: 1, 2: 1, 3: 1}, 3: {1: 1, 2: 1, 3: 1}, 4: {1: 1, 2: 1, 3: 1}, 5: {1: 1, 2: 1, 3: 1}, 6: {1: 1, 2: 1, 3: 1}}","{1: {1: 1, 2: 1, 3: 0}, 2: {1: 0, 2: 0, 3: 0}, 3: {1: 0, 2: 0, 3: 0}, 4: {1: 0, 2: 0, 3: 0}, 5: {1: 0, 2: 0, 3: 0}, 6: {1: 0, 2: 0, 3: 0}}","{1: {1: 0, 2: 0, 3: 0}, 2: {1: 0, 2: 0, 3: 0}, 3: {1: 0, 2: 0, 3: 0}, 4: {1: 0, 2: 0, 3: 0}, 5: {1: 0, 2: 0, 3: 0}, 6: {1: 0, 2: 0, 3: 0}}",Master problem failed to find feasible solution
6,"[-inf, 231.0, 252.14285714285714, 274.14, 276.89510204081637]","[392.0, 392.0, 392.0, 392.0, 392.0]",392.0,78.43300104141235,5,640000,"{1: {1: 1, 2: 1, 3: 1}, 2: {1: 1, 2: 1, 3: 1}, 3: {1: 1, 2: 1, 3: 1}, 4: {1: 1, 2: 1, 3: 1}, 5: {1: 1, 2: 1, 3: 1}, 6: {1: 1, 2: 1, 3: 1}}","{1: {1: 1, 2: 1, 3: 0}, 2: {1: 0, 2: 0, 3: 0}, 3: {1: 0, 2: 0, 3: 0}, 4: {1: 0, 2: 0, 3: 0}, 5: {1: 0, 2: 0, 3: 0}, 6: {1: 0, 2: 0, 3: 0}}","{1: {1: 0, 2: 0, 3: 0}, 2: {1: 0, 2: 0, 3: 0}, 3: {1: 0, 2: 0, 3: 0}, 4: {1: 0, 2: 0, 3: 0}, 5: {1: 0, 2: 0, 3: 0}, 6: {1: 0, 2: 0, 3: 0}}",Master problem failed to find feasible solution
6,"[-inf, 231.0, 259.64, 264.8757142857143, 282.8507142857143]","[392.0, 392.0, 392.0, 392.0, 392.0]",392.0,60.17159986495972,5,640000,"{1: {1: 1, 2: 1, 3: 1}, 2: {1: 1, 2: 1, 3: 1}, 3: {1: 1, 2: 1, 3: 1}, 4: {1: 1, 2: 1, 3: 1}, 5: {1: 1, 2: 1, 3: 1}, 6: {1: 1, 2: 1, 3: 1}}","{1: {1: 1, 2: 1, 3: 0}, 2: {1: 0, 2: 0, 3: 0}, 3: {1: 0, 2: 0, 3: 0}, 4: {1: 0, 2: 0, 3: 0}, 5: {1: 0, 2: 0, 3: 0}, 6: {1: 0, 2: 0, 3: 0}}","{1: {1: 0, 2: 0, 3: 0}, 2: {1: 0, 2: 0, 3: 0}, 3: {1: 0, 2: 0, 3: 0}, 4: {1: 0, 2: 0, 3: 0}, 5: {1: 0, 2: 0, 3: 0}, 6: {1: 0, 2: 0, 3: 0}}",Master problem failed to find feasible solution
6,"[-inf, 231.0, 247.36363636363637, 269.2792207792208, 272.734693877551, 283.49673469387756, 283.6262150220913, 290.90153061224487, 290.90153061224487]","[392.0, 392.0, 392.0, 392.0, 392.0, 392.0, 392.0, 392.0, 392.0]",392.0,159.22796988487244,9,640000,"{1: {1: 1, 2: 1, 3: 1}, 2: {1: 1, 2: 1, 3: 1}, 3: {1: 1, 2: 1, 3: 1}, 4: {1: 1, 2: 1, 3: 1}, 5: {1: 1, 2: 1, 3: 1}, 6: {1: 1, 2: 1, 3: 1}}","{1: {1: 1, 2: 1, 3: 0}, 2: {1: 0, 2: 0, 3: 0}, 3: {1: 0, 2: 0, 3: 0}, 4: {1: 0, 2: 0, 3: 0}, 5: {1: 0, 2: 0, 3: 0}, 6: {1: 0, 2: 0, 3: 0}}","{1: {1: 0, 2: 0, 3: 0}, 2: {1: 0, 2: 0, 3: 0}, 3: {1: 0, 2: 0, 3: 0}, 4: {1: 0, 2: 0, 3: 0}, 5: {1: 0, 2: 0, 3: 0}, 6: {1: 0, 2: 0, 3: 0}}",Master problem failed to find feasible solution
6,"[-inf, 231.0, 259.64, 280.28, 282.8507142857143, 282.8507142857143, 289.78571428571433]","[392.0, 392.0, 392.0, 392.0, 392.0, 392.0, 392.0]",392.0,83.8737199306488,7,640000,"{1: {1: 1, 2: 1, 3: 1}, 2: {1: 1, 2: 1, 3: 1}, 3: {1: 1, 2: 1, 3: 1}, 4: {1: 1, 2: 1, 3: 1}, 5: {1: 1, 2: 1, 3: 1}, 6: {1: 1, 2: 1, 3: 1}}","{1: {1: 1, 2: 1, 3: 0}, 2: {1: 0, 2: 0, 3: 0}, 3: {1: 0, 2: 0, 3: 0}, 4: {1: 0, 2: 0, 3: 0}, 5: {1: 0, 2: 0, 3: 0}, 6: {1: 0, 2: 0, 3: 0}}","{1: {1: 0, 2: 0, 3: 0}, 2: {1: 0, 2: 0, 3: 0}, 3: {1: 0, 2: 0, 3: 0}, 4: {1: 0, 2: 0, 3: 0}, 5: {1: 0, 2: 0, 3: 0}, 6: {1: 0, 2: 0, 3: 0}}",Master problem failed to find feasible solution
6,"[-inf, 231.0, 255.64285714285717, 262.0714285714286, 276.28285714285715, 279.0185714285715, 289.78571428571433, 293.2142857142858, 293.2142857142858]","[392.0, 392.0, 392.0, 392.0, 392.0, 392.0, 392.0, 392.0, 370.0]",370.0,129.9480848312378,9,640000,"{1: {1: 0, 2: 1, 3: 1}, 2: {1: 1, 2: 1, 3: 1}, 3: {1: 1, 2: 1, 3: 0}, 4: {1: 1, 2: 1, 3: 0}, 5: {1: 1, 2: 1, 3: 1}, 6: {1: 1, 2: 1, 3: 0}}","{1: {1: 0, 2: 1, 3: 0}, 2: {1: 1, 2: 0, 3: 0}, 3: {1: 0, 2: 0, 3: 0}, 4: {1: 0, 2: 0, 3: 0}, 5: {1: 0, 2: 0, 3: 1}, 6: {1: 0, 2: 0, 3: 0}}","{1: {1: 0, 2: 0, 3: 0}, 2: {1: 0, 2: 0, 3: 0}, 3: {1: 0, 2: 0, 3: 1}, 4: {1: 0, 2: 0, 3: 0}, 5: {1: 0, 2: 0, 3: 0}, 6: {1: 0, 2: 0, 3: 1}}",Master problem failed to find feasible solution
6,"[-inf, 231.0, 254.0, 270.57142857142856, 275.5214285714286, 281.95000000000005]","[392.0, 392.0, 392.0, 392.0, 392.0, 392.0]",392.0,125.42121887207031,6,640000,"{1: {1: 1, 2: 1, 3: 1}, 2: {1: 1, 2: 1, 3: 1}, 3: {1: 1, 2: 1, 3: 1}, 4: {1: 1, 2: 1, 3: 1}, 5: {1: 1, 2: 1, 3: 1}, 6: {1: 1, 2: 1, 3: 1}}","{1: {1: 1, 2: 1, 3: 0}, 2: {1: 0, 2: 0, 3: 0}, 3: {1: 0, 2: 0, 3: 0}, 4: {1: 0, 2: 0, 3: 0}, 5: {1: 0, 2: 0, 3: 0}, 6: {1: 0, 2: 0, 3: 0}}","{1: {1: 0, 2: 0, 3: 0}, 2: {1: 0, 2: 0, 3: 0}, 3: {1: 0, 2: 0, 3: 0}, 4: {1: 0, 2: 0, 3: 0}, 5: {1: 0, 2: 0, 3: 0}, 6: {1: 0, 2: 0, 3: 0}}",Master problem failed to find feasible solution
6,"[-inf, 231.0, 247.36363636363637, 262.0714285714286, 265.64285714285717, 276.28285714285715, 287.21500000000003, 290.48285714285714, 290.48285714285714]","[392.0, 392.0, 392.0, 392.0, 392.0, 392.0, 392.0, 392.0, 392.0]",392.0,128.5441975593567,9,640000,"{1: {1: 1, 2: 1, 3: 1}, 2: {1: 1, 2: 1, 3: 1}, 3: {1: 1, 2: 1, 3: 1}, 4: {1: 1, 2: 1, 3: 1}, 5: {1: 1, 2: 1, 3: 1}, 6: {1: 1, 2: 1, 3: 1}}","{1: {1: 1, 2: 1, 3: 0}, 2: {1: 0, 2: 0, 3: 0}, 3: {1: 0, 2: 0, 3: 0}, 4: {1: 0, 2: 0, 3: 0}, 5: {1: 0, 2: 0, 3: 0}, 6: {1: 0, 2: 0, 3: 0}}","{1: {1: 0, 2: 0, 3: 0}, 2: {1: 0, 2: 0, 3: 0}, 3: {1: 0, 2: 0, 3: 0}, 4: {1: 0, 2: 0, 3: 0}, 5: {1: 0, 2: 0, 3: 0}, 6: {1: 0, 2: 0, 3: 0}}",Master problem failed to find feasible solution
6,"[-inf, 231.0, 259.64, 280.28, 282.14489795918365, 284.47928571428577, 288.95918367346934, 292.3877551020408, 292.3877551020408]","[392.0, 392.0, 392.0, 392.0, 392.0, 392.0, 392.0, 392.0, 392.0]",392.0,138.28657603263855,9,640000,"{1: {1: 1, 2: 1, 3: 1}, 2: {1: 1, 2: 1, 3: 1}, 3: {1: 1, 2: 1, 3: 1}, 4: {1: 1, 2: 1, 3: 1}, 5: {1: 1, 2: 1, 3: 1}, 6: {1: 1, 2: 1, 3: 1}}","{1: {1: 1, 2: 1, 3: 0}, 2: {1: 0, 2: 0, 3: 0}, 3: {1: 0, 2: 0, 3: 0}, 4: {1: 0, 2: 0, 3: 0}, 5: {1: 0, 2: 0, 3: 0}, 6: {1: 0, 2: 0, 3: 0}}","{1: {1: 0, 2: 0, 3: 0}, 2: {1: 0, 2: 0, 3: 0}, 3: {1: 0, 2: 0, 3: 0}, 4: {1: 0, 2: 0, 3: 0}, 5: {1: 0, 2: 0, 3: 0}, 6: {1: 0, 2: 0, 3: 0}}",Master problem failed to find feasible solution
6,"[-inf, 231.0, 252.8, 258.6333333333333, 258.6333333333333]","[392.0, 392.0, 392.0, 392.0, 392.0]",392.0,63.11920094490051,5,640000,"{1: {1: 1, 2: 1, 3: 1}, 2: {1: 1, 2: 1, 3: 1}, 3: {1: 1, 2: 1, 3: 1}, 4: {1: 1, 2: 1, 3: 1}, 5: {1: 1, 2: 1, 3: 1}, 6: {1: 1, 2: 1, 3: 1}}","{1: {1: 1, 2: 1, 3: 0}, 2: {1: 0, 2: 0, 3: 0}, 3: {1: 0, 2: 0, 3: 0}, 4: {1: 0, 2: 0, 3: 0}, 5: {1: 0, 2: 0, 3: 0}, 6: {1: 0, 2: 0, 3: 0}}","{1: {1: 0, 2: 0, 3: 0}, 2: {1: 0, 2: 0, 3: 0}, 3: {1: 0, 2: 0, 3: 0}, 4: {1: 0, 2: 0, 3: 0}, 5: {1: 0, 2: 0, 3: 0}, 6: {1: 0, 2: 0, 3: 0}}",Master problem failed to find feasible solution
6,"[-inf, 231.0, 259.64, 272.14, 279.565, 286.5]","[392.0, 392.0, 392.0, 392.0, 392.0, 392.0]",392.0,81.9276955127716,6,640000,"{1: {1: 1, 2: 1, 3: 1}, 2: {1: 1, 2: 1, 3: 1}, 3: {1: 1, 2: 1, 3: 1}, 4: {1: 1, 2: 1, 3: 1}, 5: {1: 1, 2: 1, 3: 1}, 6: {1: 1, 2: 1, 3: 1}}","{1: {1: 1, 2: 1, 3: 0}, 2: {1: 0, 2: 0, 3: 0}, 3: {1: 0, 2: 0, 3: 0}, 4: {1: 0, 2: 0, 3: 0}, 5: {1: 0, 2: 0, 3: 0}, 6: {1: 0, 2: 0, 3: 0}}","{1: {1: 0, 2: 0, 3: 0}, 2: {1: 0, 2: 0, 3: 0}, 3: {1: 0, 2: 0, 3: 0}, 4: {1: 0, 2: 0, 3: 0}, 5: {1: 0, 2: 0, 3: 0}, 6: {1: 0, 2: 0, 3: 0}}",Master problem failed to find feasible solution
6,"[-inf, 231.0, 247.36363636363637, 269.2792207792208, 274.5714285714286, 282.34000000000003]","[392.0, 392.0, 392.0, 392.0, 392.0, 392.0]",392.0,97.86198997497559,6,640000,"{1: {1: 1, 2: 1, 3: 1}, 2: {1: 1, 2: 1, 3: 1}, 3: {1: 1, 2: 1, 3: 1}, 4: {1: 1, 2: 1, 3: 1}, 5: {1: 1, 2: 1, 3: 1}, 6: {1: 1, 2: 1, 3: 1}}","{1: {1: 1, 2: 1, 3: 0}, 2: {1: 0, 2: 0, 3: 0}, 3: {1: 0, 2: 0, 3: 0}, 4: {1: 0, 2: 0, 3: 0}, 5: {1: 0, 2: 0, 3: 0}, 6: {1: 0, 2: 0, 3: 0}}","{1: {1: 0, 2: 0, 3: 0}, 2: {1: 0, 2: 0, 3: 0}, 3: {1: 0, 2: 0, 3: 0}, 4: {1: 0, 2: 0, 3: 0}, 5: {1: 0, 2: 0, 3: 0}, 6: {1: 0, 2: 0, 3: 0}}",Master problem failed to find feasible solution
6,"[-inf, 231.0, 255.64285714285717, 268.14285714285717, 279.0266666666667, 279.0266666666667, 289.9588095238095]","[392.0, 392.0, 392.0, 392.0, 392.0, 392.0, 392.0]",392.0,104.85702681541443,7,640000,"{1: {1: 1, 2: 1, 3: 1}, 2: {1: 1, 2: 1, 3: 1}, 3: {1: 1, 2: 1, 3: 1}, 4: {1: 1, 2: 1, 3: 1}, 5: {1: 1, 2: 1, 3: 1}, 6: {1: 1, 2: 1, 3: 1}}","{1: {1: 1, 2: 1, 3: 0}, 2: {1: 0, 2: 0, 3: 0}, 3: {1: 0, 2: 0, 3: 0}, 4: {1: 0, 2: 0, 3: 0}, 5: {1: 0, 2: 0, 3: 0}, 6: {1: 0, 2: 0, 3: 0}}","{1: {1: 0, 2: 0, 3: 0}, 2: {1: 0, 2: 0, 3: 0}, 3: {1: 0, 2: 0, 3: 0}, 4: {1: 0, 2: 0, 3: 0}, 5: {1: 0, 2: 0, 3: 0}, 6: {1: 0, 2: 0, 3: 0}}",Master problem failed to find feasible solution
6,"[-inf, 231.0, 255.64285714285717, 268.14285714285717, 276.3888888888889, 282.81746031746036]","[392.0, 392.0, 392.0, 392.0, 392.0, 392.0]",392.0,77.54519534111023,6,640000,"{1: {1: 1, 2: 1, 3: 1}, 2: {1: 1, 2: 1, 3: 1}, 3: {1: 1, 2: 1, 3: 1}, 4: {1: 1, 2: 1, 3: 1}, 5: {1: 1, 2: 1, 3: 1}, 6: {1: 1, 2: 1, 3: 1}}","{1: {1: 1, 2: 1, 3: 0}, 2: {1: 0, 2: 0, 3: 0}, 3: {1: 0, 2: 0, 3: 0}, 4: {1: 0, 2: 0, 3: 0}, 5: {1: 0, 2: 0, 3: 0}, 6: {1: 0, 2: 0, 3: 0}}","{1: {1: 0, 2: 0, 3: 0}, 2: {1: 0, 2: 0, 3: 0}, 3: {1: 0, 2: 0, 3: 0}, 4: {1: 0, 2: 0, 3: 0}, 5: {1: 0, 2: 0, 3: 0}, 6: {1: 0, 2: 0, 3: 0}}",Master problem failed to find feasible solution
6,"[-inf, 231.0, 259.64, 273.14, 273.14, 286.16499999999996, 287.87928571428574, 288.25428571428574, 291.4685714285714, 298.4035714285714]","[392.0, 392.0, 387.3, 387.3, 387.3, 387.3, 387.3, 387.3, 387.3, 387.3]",387.3,197.5177035331726,10,640000,"{1: {1: 1, 2: 1, 3: 1}, 2: {1: 1, 2: 1, 3: 1}, 3: {1: 1, 2: 1, 3: 0}, 4: {1: 1, 2: 0, 3: 0}, 5: {1: 1, 2: 1, 3: 1}, 6: {1: 1, 2: 1, 3: 1}}","{1: {1: 1, 2: 1, 3: 0}, 2: {1: 0, 2: 0, 3: 0}, 3: {1: 0, 2: 0, 3: 0}, 4: {1: 0, 2: 0, 3: 0}, 5: {1: 0, 2: 1, 3: 1}, 6: {1: 0, 2: 0, 3: 0}}","{1: {1: 0, 2: 0, 3: 0}, 2: {1: 0, 2: 0, 3: 0}, 3: {1: 0, 2: 0, 3: 1}, 4: {1: 0, 2: 1, 3: 0}, 5: {1: 0, 2: 0, 3: 0}, 6: {1: 0, 2: 0, 3: 0}}",Master problem failed to find feasible solution
6,"[-inf, 231.0, 255.64285714285717, 266.5266666666667, 280.1630303030303, 283.8071428571429]","[392.0, 392.0, 392.0, 392.0, 392.0, 392.0]",392.0,92.37296438217163,6,640000,"{1: {1: 1, 2: 1, 3: 1}, 2: {1: 1, 2: 1, 3: 1}, 3: {1: 1, 2: 1, 3: 1}, 4: {1: 1, 2: 1, 3: 1}, 5: {1: 1, 2: 1, 3: 1}, 6: {1: 1, 2: 1, 3: 1}}","{1: {1: 1, 2: 1, 3: 0}, 2: {1: 0, 2: 0, 3: 0}, 3: {1: 0, 2: 0, 3: 0}, 4: {1: 0, 2: 0, 3: 0}, 5: {1: 0, 2: 0, 3: 0}, 6: {1: 0, 2: 0, 3: 0}}","{1: {1: 0, 2: 0, 3: 0}, 2: {1: 0, 2: 0, 3: 0}, 3: {1: 0, 2: 0, 3: 0}, 4: {1: 0, 2: 0, 3: 0}, 5: {1: 0, 2: 0, 3: 0}, 6: {1: 0, 2: 0, 3: 0}}",Master problem failed to find feasible solution
6,"[-inf, 231.0, 252.14285714285714, 274.14, 274.14, 282.33714285714285, 285.65857142857146]","[392.0, 392.0, 392.0, 392.0, 392.0, 392.0, 392.0]",392.0,93.15193438529968,7,640000,"{1: {1: 1, 2: 1, 3: 1}, 2: {1: 1, 2: 1, 3: 1}, 3: {1: 1, 2: 1, 3: 1}, 4: {1: 1, 2: 1, 3: 1}, 5: {1: 1, 2: 1, 3: 1}, 6: {1: 1, 2: 1, 3: 1}}","{1: {1: 1, 2: 1, 3: 0}, 2: {1: 0, 2: 0, 3: 0}, 3: {1: 0, 2: 0, 3: 0}, 4: {1: 0, 2: 0, 3: 0}, 5: {1: 0, 2: 0, 3: 0}, 6: {1: 0, 2: 0, 3: 0}}","{1: {1: 0, 2: 0, 3: 0}, 2: {1: 0, 2: 0, 3: 0}, 3: {1: 0, 2: 0, 3: 0}, 4: {1: 0, 2: 0, 3: 0}, 5: {1: 0, 2: 0, 3: 0}, 6: {1: 0, 2: 0, 3: 0}}",Master problem failed to find feasible solution
6,"[-inf, 231.0, 247.36363636363637, 262.0714285714286, 269.7892857142857, 279.07500000000005, 282.825, 289.2535714285715]","[392.0, 392.0, 392.0, 392.0, 392.0, 392.0, 392.0, 392.0]",392.0,113.11393332481384,8,640000,"{1: {1: 1, 2: 1, 3: 1}, 2: {1: 1, 2: 1, 3: 1}, 3: {1: 1, 2: 1, 3: 1}, 4: {1: 1, 2: 1, 3: 1}, 5: {1: 1, 2: 1, 3: 1}, 6: {1: 1, 2: 1, 3: 1}}","{1: {1: 1, 2: 1, 3: 0}, 2: {1: 0, 2: 0, 3: 0}, 3: {1: 0, 2: 0, 3: 0}, 4: {1: 0, 2: 0, 3: 0}, 5: {1: 0, 2: 0, 3: 0}, 6: {1: 0, 2: 0, 3: 0}}","{1: {1: 0, 2: 0, 3: 0}, 2: {1: 0, 2: 0, 3: 0}, 3: {1: 0, 2: 0, 3: 0}, 4: {1: 0, 2: 0, 3: 0}, 5: {1: 0, 2: 0, 3: 0}, 6: {1: 0, 2: 0, 3: 0}}",Master problem failed to find feasible solution
6,"[-inf, 231.0, 255.64285714285717, 276.28285714285715, 287.21500000000003, 287.21500000000003, 287.21500000000003]","[392.0, 392.0, 392.0, 392.0, 392.0, 392.0, 392.0]",392.0,115.99270963668823,7,640000,"{1: {1: 1, 2: 1, 3: 1}, 2: {1: 1, 2: 1, 3: 1}, 3: {1: 1, 2: 1, 3: 1}, 4: {1: 1, 2: 1, 3: 1}, 5: {1: 1, 2: 1, 3: 1}, 6: {1: 1, 2: 1, 3: 1}}","{1: {1: 1, 2: 1, 3: 0}, 2: {1: 0, 2: 0, 3: 0}, 3: {1: 0, 2: 0, 3: 0}, 4: {1: 0, 2: 0, 3: 0}, 5: {1: 0, 2: 0, 3: 0}, 6: {1: 0, 2: 0, 3: 0}}","{1: {1: 0, 2: 0, 3: 0}, 2: {1: 0, 2: 0, 3: 0}, 3: {1: 0, 2: 0, 3: 0}, 4: {1: 0, 2: 0, 3: 0}, 5: {1: 0, 2: 0, 3: 0}, 6: {1: 0, 2: 0, 3: 0}}",Master problem failed to find feasible solution
6,"[-inf, 231.0, 258.07142857142856, 278.71142857142854]","[392.0, 392.0, 392.0, 392.0]",392.0,60.10362792015076,4,640000,"{1: {1: 1, 2: 1, 3: 1}, 2: {1: 1, 2: 1, 3: 1}, 3: {1: 1, 2: 1, 3: 1}, 4: {1: 1, 2: 1, 3: 1}, 5: {1: 1, 2: 1, 3: 1}, 6: {1: 1, 2: 1, 3: 1}}","{1: {1: 1, 2: 1, 3: 0}, 2: {1: 0, 2: 0, 3: 0}, 3: {1: 0, 2: 0, 3: 0}, 4: {1: 0, 2: 0, 3: 0}, 5: {1: 0, 2: 0, 3: 0}, 6: {1: 0, 2: 0, 3: 0}}","{1: {1: 0, 2: 0, 3: 0}, 2: {1: 0, 2: 0, 3: 0}, 3: {1: 0, 2: 0, 3: 0}, 4: {1: 0, 2: 0, 3: 0}, 5: {1: 0, 2: 0, 3: 0}, 6: {1: 0, 2: 0, 3: 0}}",Master problem failed to find feasible solution
6,"[-inf, 231.0, 257.39473684210526, 263.15315789473686, 276.7895215311005, 280.2685714285715, 287.94, 294.875]","[392.0, 392.0, 392.0, 392.0, 392.0, 392.0, 392.0, 392.0]",392.0,181.60252952575684,8,640000,"{1: {1: 1, 2: 1, 3: 1}, 2: {1: 1, 2: 1, 3: 1}, 3: {1: 1, 2: 1, 3: 1}, 4: {1: 1, 2: 1, 3: 1}, 5: {1: 1, 2: 1, 3: 1}, 6: {1: 1, 2: 1, 3: 1}}","{1: {1: 1, 2: 1, 3: 0}, 2: {1: 0, 2: 0, 3: 0}, 3: {1: 0, 2: 0, 3: 0}, 4: {1: 0, 2: 0, 3: 0}, 5: {1: 0, 2: 0, 3: 0}, 6: {1: 0, 2: 0, 3: 0}}","{1: {1: 0, 2: 0, 3: 0}, 2: {1: 0, 2: 0, 3: 0}, 3: {1: 0, 2: 0, 3: 0}, 4: {1: 0, 2: 0, 3: 0}, 5: {1: 0, 2: 0, 3: 0}, 6: {1: 0, 2: 0, 3: 0}}",Master problem failed to find feasible solution
6,"[-inf, 231.0, 259.64, 280.1666666666667, 283.0238095238095, 289.9588095238095, 289.9588095238095]","[392.0, 392.0, 392.0, 392.0, 392.0, 392.0, 392.0]",392.0,93.84182858467102,7,640000,"{1: {1: 1, 2: 1, 3: 1}, 2: {1: 1, 2: 1, 3: 1}, 3: {1: 1, 2: 1, 3: 1}, 4: {1: 1, 2: 1, 3: 1}, 5: {1: 1, 2: 1, 3: 1}, 6: {1: 1, 2: 1, 3: 1}}","{1: {1: 1, 2: 1, 3: 0}, 2: {1: 0, 2: 0, 3: 0}, 3: {1: 0, 2: 0, 3: 0}, 4: {1: 0, 2: 0, 3: 0}, 5: {1: 0, 2: 0, 3: 0}, 6: {1: 0, 2: 0, 3: 0}}","{1: {1: 0, 2: 0, 3: 0}, 2: {1: 0, 2: 0, 3: 0}, 3: {1: 0, 2: 0, 3: 0}, 4: {1: 0, 2: 0, 3: 0}, 5: {1: 0, 2: 0, 3: 0}, 6: {1: 0, 2: 0, 3: 0}}",Master problem failed to find feasible solution
6,"[-inf, 231.0, 254.0, 268.14285714285717, 268.14285714285717, 268.14285714285717, 279.07500000000005, 289.78571428571433]","[392.0, 392.0, 392.0, 392.0, 392.0, 392.0, 392.0, 392.0]",392.0,162.94061589241028,8,640000,"{1: {1: 1, 2: 1, 3: 1}, 2: {1: 1, 2: 1, 3: 1}, 3: {1: 1, 2: 1, 3: 1}, 4: {1: 1, 2: 1, 3: 1}, 5: {1: 1, 2: 1, 3: 1}, 6: {1: 1, 2: 1, 3: 1}}","{1: {1: 1, 2: 1, 3: 0}, 2: {1: 0, 2: 0, 3: 0}, 3: {1: 0, 2: 0, 3: 0}, 4: {1: 0, 2: 0, 3: 0}, 5: {1: 0, 2: 0, 3: 0}, 6: {1: 0, 2: 0, 3: 0}}","{1: {1: 0, 2: 0, 3: 0}, 2: {1: 0, 2: 0, 3: 0}, 3: {1: 0, 2: 0, 3: 0}, 4: {1: 0, 2: 0, 3: 0}, 5: {1: 0, 2: 0, 3: 0}, 6: {1: 0, 2: 0, 3: 0}}",Master problem failed to find feasible solution
6,"[-inf, 231.0, 259.64, 277.8542857142857, 278.69102040816324, 282.0124489795918, 287.57214285714286, 293.790763546798, 293.9014778325123, 300.2117572692794]","[392.0, 392.0, 392.0, 392.0, 392.0, 392.0, 392.0, 392.0, 392.0, 363.6]",363.6,202.7016487121582,10,640000,"{1: {1: 1, 2: 0, 3: 0}, 2: {1: 1, 2: 1, 3: 1}, 3: {1: 1, 2: 0, 3: 1}, 4: {1: 1, 2: 0, 3: 0}, 5: {1: 1, 2: 1, 3: 1}, 6: {1: 1, 2: 0, 3: 1}}","{1: {1: 1, 2: 0, 3: 0}, 2: {1: 0, 2: 1, 3: 1}, 3: {1: 0, 2: 0, 3: 0}, 4: {1: 0, 2: 0, 3: 0}, 5: {1: 0, 2: 1, 3: 1}, 6: {1: 0, 2: 0, 3: 0}}","{1: {1: 0, 2: 0, 3: 1}, 2: {1: 0, 2: 0, 3: 0}, 3: {1: 0, 2: 1, 3: 0}, 4: {1: 0, 2: 0, 3: 1}, 5: {1: 0, 2: 0, 3: 0}, 6: {1: 0, 2: 1, 3: 0}}",Master problem failed to find feasible solution
6,"[-inf, 231.0, 259.52666666666664, 270.37857142857143, 277.37857142857143, 287.075, 287.075, 288.3618421052631]","[392.0, 392.0, 392.0, 392.0, 392.0, 392.0, 382.55, 382.55]",382.55,115.73011589050293,8,640000,"{1: {1: 1, 2: 1, 3: 1}, 2: {1: 1, 2: 1, 3: 1}, 3: {1: 1, 2: 1, 3: 0}, 4: {1: 1, 2: 1, 3: 1}, 5: {1: 1, 2: 1, 3: 1}, 6: {1: 1, 2: 0, 3: 1}}","{1: {1: 1, 2: 1, 3: 0}, 2: {1: 0, 2: 0, 3: 0}, 3: {1: 0, 2: 0, 3: 0}, 4: {1: 0, 2: 0, 3: 1}, 5: {1: 0, 2: 0, 3: 0}, 6: {1: 0, 2: 0, 3: 0}}","{1: {1: 0, 2: 0, 3: 0}, 2: {1: 0, 2: 0, 3: 0}, 3: {1: 0, 2: 0, 3: 1}, 4: {1: 0, 2: 0, 3: 0}, 5: {1: 0, 2: 0, 3: 0}, 6: {1: 0, 2: 1, 3: 0}}",Master problem failed to find feasible solution
6,"[-inf, 231.0, 259.64, 260.78285714285715, 276.28285714285715, 276.28285714285715]","[392.0, 392.0, 392.0, 392.0, 392.0, 392.0]",392.0,83.01023173332214,6,640000,"{1: {1: 1, 2: 1, 3: 1}, 2: {1: 1, 2: 1, 3: 1}, 3: {1: 1, 2: 1, 3: 1}, 4: {1: 1, 2: 1, 3: 1}, 5: {1: 1, 2: 1, 3: 1}, 6: {1: 1, 2: 1, 3: 1}}","{1: {1: 1, 2: 1, 3: 0}, 2: {1: 0, 2: 0, 3: 0}, 3: {1: 0, 2: 0, 3: 0}, 4: {1: 0, 2: 0, 3: 0}, 5: {1: 0, 2: 0, 3: 0}, 6: {1: 0, 2: 0, 3: 0}}","{1: {1: 0, 2: 0, 3: 0}, 2: {1: 0, 2: 0, 3: 0}, 3: {1: 0, 2: 0, 3: 0}, 4: {1: 0, 2: 0, 3: 0}, 5: {1: 0, 2: 0, 3: 0}, 6: {1: 0, 2: 0, 3: 0}}",Master problem failed to find feasible solution
6,"[-inf, 231.0, 259.52666666666664, 279.7864285714286, 286.7864285714286]","[392.0, 392.0, 392.0, 392.0, 392.0]",392.0,55.50100874900818,5,640000,"{1: {1: 1, 2: 1, 3: 1}, 2: {1: 1, 2: 1, 3: 1}, 3: {1: 1, 2: 1, 3: 1}, 4: {1: 1, 2: 1, 3: 1}, 5: {1: 1, 2: 1, 3: 1}, 6: {1: 1, 2: 1, 3: 1}}","{1: {1: 1, 2: 1, 3: 0}, 2: {1: 0, 2: 0, 3: 0}, 3: {1: 0, 2: 0, 3: 0}, 4: {1: 0, 2: 0, 3: 0}, 5: {1: 0, 2: 0, 3: 0}, 6: {1: 0, 2: 0, 3: 0}}","{1: {1: 0, 2: 0, 3: 0}, 2: {1: 0, 2: 0, 3: 0}, 3: {1: 0, 2: 0, 3: 0}, 4: {1: 0, 2: 0, 3: 0}, 5: {1: 0, 2: 0, 3: 0}, 6: {1: 0, 2: 0, 3: 0}}",Master problem failed to find feasible solution
6,"[-inf, 231.0, 259.64, 266.575, 280.21136363636367, 283.0035714285715, 289.42261904761904, 292.5178571428571]","[392.0, 392.0, 392.0, 392.0, 392.0, 392.0, 392.0, 355.5]",355.5,112.79618906974792,8,640000,"{1: {1: 1, 2: 0, 3: 0}, 2: {1: 1, 2: 1, 3: 1}, 3: {1: 1, 2: 1, 3: 1}, 4: {1: 1, 2: 1, 3: 0}, 5: {1: 1, 2: 1, 3: 0}, 6: {1: 1, 2: 1, 3: 0}}","{1: {1: 1, 2: 0, 3: 0}, 2: {1: 0, 2: 1, 3: 1}, 3: {1: 0, 2: 0, 3: 0}, 4: {1: 0, 2: 0, 3: 0}, 5: {1: 0, 2: 0, 3: 0}, 6: {1: 0, 2: 0, 3: 0}}","{1: {1: 0, 2: 0, 3: 1}, 2: {1: 0, 2: 0, 3: 0}, 3: {1: 0, 2: 0, 3: 0}, 4: {1: 0, 2: 0, 3: 1}, 5: {1: 0, 2: 0, 3: 0}, 6: {1: 0, 2: 0, 3: 0}}",Master problem failed to find feasible solution
6,"[-inf, 231.0, 258.2, 274.84285714285716, 285.61, 285.61]","[392.0, 392.0, 392.0, 392.0, 392.0, 392.0]",392.0,79.96474838256836,6,640000,"{1: {1: 1, 2: 1, 3: 1}, 2: {1: 1, 2: 1, 3: 1}, 3: {1: 1, 2: 1, 3: 1}, 4: {1: 1, 2: 1, 3: 1}, 5: {1: 1, 2: 1, 3: 1}, 6: {1: 1, 2: 1, 3: 1}}","{1: {1: 1, 2: 1, 3: 0}, 2: {1: 0, 2: 0, 3: 0}, 3: {1: 0, 2: 0, 3: 0}, 4: {1: 0, 2: 0, 3: 0}, 5: {1: 0, 2: 0, 3: 0}, 6: {1: 0, 2: 0, 3: 0}}","{1: {1: 0, 2: 0, 3: 0}, 2: {1: 0, 2: 0, 3: 0}, 3: {1: 0, 2: 0, 3: 0}, 4: {1: 0, 2: 0, 3: 0}, 5: {1: 0, 2: 0, 3: 0}, 6: {1: 0, 2: 0, 3: 0}}",Master problem failed to find feasible solution
6,"[-inf, 231.0, 254.625, 275.265, 275.265, 275.265, 279.28285714285715]","[392.0, 392.0, 392.0, 392.0, 392.0, 392.0, 392.0]",392.0,148.78071856498718,7,640000,"{1: {1: 1, 2: 1, 3: 1}, 2: {1: 1, 2: 1, 3: 1}, 3: {1: 1, 2: 1, 3: 1}, 4: {1: 1, 2: 1, 3: 1}, 5: {1: 1, 2: 1, 3: 1}, 6: {1: 1, 2: 1, 3: 1}}","{1: {1: 1, 2: 1, 3: 0}, 2: {1: 0, 2: 0, 3: 0}, 3: {1: 0, 2: 0, 3: 0}, 4: {1: 0, 2: 0, 3: 0}, 5: {1: 0, 2: 0, 3: 0}, 6: {1: 0, 2: 0, 3: 0}}","{1: {1: 0, 2: 0, 3: 0}, 2: {1: 0, 2: 0, 3: 0}, 3: {1: 0, 2: 0, 3: 0}, 4: {1: 0, 2: 0, 3: 0}, 5: {1: 0, 2: 0, 3: 0}, 6: {1: 0, 2: 0, 3: 0}}",Master problem failed to find feasible solution
6,"[-inf, 231.0, 259.64, 264.8757142857143, 264.8757142857143, 267.92928571428575, 285.9042857142857]","[392.0, 392.0, 392.0, 392.0, 392.0, 392.0, 392.0]",392.0,98.39734411239624,7,640000,"{1: {1: 1, 2: 1, 3: 1}, 2: {1: 1, 2: 1, 3: 1}, 3: {1: 1, 2: 1, 3: 1}, 4: {1: 1, 2: 1, 3: 1}, 5: {1: 1, 2: 1, 3: 1}, 6: {1: 1, 2: 1, 3: 1}}","{1: {1: 1, 2: 1, 3: 0}, 2: {1: 0, 2: 0, 3: 0}, 3: {1: 0, 2: 0, 3: 0}, 4: {1: 0, 2: 0, 3: 0}, 5: {1: 0, 2: 0, 3: 0}, 6: {1: 0, 2: 0, 3: 0}}","{1: {1: 0, 2: 0, 3: 0}, 2: {1: 0, 2: 0, 3: 0}, 3: {1: 0, 2: 0, 3: 0}, 4: {1: 0, 2: 0, 3: 0}, 5: {1: 0, 2: 0, 3: 0}, 6: {1: 0, 2: 0, 3: 0}}",Master problem failed to find feasible solution
6,"[-inf, 231.0, 254.0, 268.14285714285717, 279.07500000000005, 289.78571428571433, 301.615, 303.8292857142857, 303.93285714285713]","[392.0, 392.0, 392.0, 392.0, 392.0, 351.0, 351.0, 351.0, 351.0]",351.0,179.56960368156433,9,640000,"{1: {1: 1, 2: 0, 3: 1}, 2: {1: 1, 2: 1, 3: 1}, 3: {1: 1, 2: 1, 3: 0}, 4: {1: 1, 2: 1, 3: 0}, 5: {1: 1, 2: 1, 3: 0}, 6: {1: 1, 2: 1, 3: 0}}","{1: {1: 1, 2: 0, 3: 0}, 2: {1: 0, 2: 1, 3: 0}, 3: {1: 0, 2: 0, 3: 0}, 4: {1: 0, 2: 0, 3: 0}, 5: {1: 0, 2: 0, 3: 0}, 6: {1: 0, 2: 0, 3: 0}}","{1: {1: 0, 2: 0, 3: 0}, 2: {1: 0, 2: 0, 3: 0}, 3: {1: 0, 2: 0, 3: 1}, 4: {1: 0, 2: 0, 3: 0}, 5: {1: 0, 2: 0, 3: 0}, 6: {1: 0, 2: 0, 3: 0}}",Master problem failed to find feasible solution
6,"[-inf, 231.0, 255.64285714285717, 276.28285714285715, 276.28285714285715, 287.21500000000003, 287.21500000000003, 290.5364285714286]","[392.0, 392.0, 392.0, 392.0, 392.0, 392.0, 392.0, 392.0]",392.0,132.05758047103882,8,640000,"{1: {1: 1, 2: 1, 3: 1}, 2: {1: 1, 2: 1, 3: 1}, 3: {1: 1, 2: 1, 3: 1}, 4: {1: 1, 2: 1, 3: 1}, 5: {1: 1, 2: 1, 3: 1}, 6: {1: 1, 2: 1, 3: 1}}","{1: {1: 1, 2: 1, 3: 0}, 2: {1: 0, 2: 0, 3: 0}, 3: {1: 0, 2: 0, 3: 0}, 4: {1: 0, 2: 0, 3: 0}, 5: {1: 0, 2: 0, 3: 0}, 6: {1: 0, 2: 0, 3: 0}}","{1: {1: 0, 2: 0, 3: 0}, 2: {1: 0, 2: 0, 3: 0}, 3: {1: 0, 2: 0, 3: 0}, 4: {1: 0, 2: 0, 3: 0}, 5: {1: 0, 2: 0, 3: 0}, 6: {1: 0, 2: 0, 3: 0}}",Master problem failed to find feasible solution
6,"[-inf, 231.0, 259.64, 276.28285714285715, 276.28285714285715, 276.28285714285715]","[392.0, 392.0, 392.0, 392.0, 392.0, 392.0]",392.0,76.00501728057861,6,640000,"{1: {1: 1, 2: 1, 3: 1}, 2: {1: 1, 2: 1, 3: 1}, 3: {1: 1, 2: 1, 3: 1}, 4: {1: 1, 2: 1, 3: 1}, 5: {1: 1, 2: 1, 3: 1}, 6: {1: 1, 2: 1, 3: 1}}","{1: {1: 1, 2: 1, 3: 0}, 2: {1: 0, 2: 0, 3: 0}, 3: {1: 0, 2: 0, 3: 0}, 4: {1: 0, 2: 0, 3: 0}, 5: {1: 0, 2: 0, 3: 0}, 6: {1: 0, 2: 0, 3: 0}}","{1: {1: 0, 2: 0, 3: 0}, 2: {1: 0, 2: 0, 3: 0}, 3: {1: 0, 2: 0, 3: 0}, 4: {1: 0, 2: 0, 3: 0}, 5: {1: 0, 2: 0, 3: 0}, 6: {1: 0, 2: 0, 3: 0}}",Master problem failed to find feasible solution
6,"[-inf, 231.0, 259.64, 266.575, 279.07500000000005, 282.825, 289.2535714285715]","[392.0, 392.0, 392.0, 392.0, 392.0, 392.0, 392.0]",392.0,84.46113657951355,7,640000,"{1: {1: 1, 2: 1, 3: 1}, 2: {1: 1, 2: 1, 3: 1}, 3: {1: 1, 2: 1, 3: 1}, 4: {1: 1, 2: 1, 3: 1}, 5: {1: 1, 2: 1, 3: 1}, 6: {1: 1, 2: 1, 3: 1}}","{1: {1: 1, 2: 1, 3: 0}, 2: {1: 0, 2: 0, 3: 0}, 3: {1: 0, 2: 0, 3: 0}, 4: {1: 0, 2: 0, 3: 0}, 5: {1: 0, 2: 0, 3: 0}, 6: {1: 0, 2: 0, 3: 0}}","{1: {1: 0, 2: 0, 3: 0}, 2: {1: 0, 2: 0, 3: 0}, 3: {1: 0, 2: 0, 3: 0}, 4: {1: 0, 2: 0, 3: 0}, 5: {1: 0, 2: 0, 3: 0}, 6: {1: 0, 2: 0, 3: 0}}",Master problem failed to find feasible solution
6,"[-inf, 231.0, 255.64285714285717, 266.575, 276.575, 282.825, 290.40816326530614]","[392.0, 392.0, 392.0, 392.0, 392.0, 392.0, 392.0]",392.0,118.59512901306152,7,640000,"{1: {1: 1, 2: 1, 3: 1}, 2: {1: 1, 2: 1, 3: 1}, 3: {1: 1, 2: 1, 3: 1}, 4: {1: 1, 2: 1, 3: 1}, 5: {1: 1, 2: 1, 3: 1}, 6: {1: 1, 2: 1, 3: 1}}","{1: {1: 1, 2: 1, 3: 0}, 2: {1: 0, 2: 0, 3: 0}, 3: {1: 0, 2: 0, 3: 0}, 4: {1: 0, 2: 0, 3: 0}, 5: {1: 0, 2: 0, 3: 0}, 6: {1: 0, 2: 0, 3: 0}}","{1: {1: 0, 2: 0, 3: 0}, 2: {1: 0, 2: 0, 3: 0}, 3: {1: 0, 2: 0, 3: 0}, 4: {1: 0, 2: 0, 3: 0}, 5: {1: 0, 2: 0, 3: 0}, 6: {1: 0, 2: 0, 3: 0}}",Master problem failed to find feasible solution
6,"[-inf, 231.0, 259.64, 276.28285714285715, 287.21500000000003, 290.4292857142857, 292.17346938775506, 292.8867346938775]","[392.0, 392.0, 392.0, 392.0, 392.0, 392.0, 392.0, 392.0]",392.0,120.56460404396057,8,640000,"{1: {1: 1, 2: 1, 3: 1}, 2: {1: 1, 2: 1, 3: 1}, 3: {1: 1, 2: 1, 3: 1}, 4: {1: 1, 2: 1, 3: 1}, 5: {1: 1, 2: 1, 3: 1}, 6: {1: 1, 2: 1, 3: 1}}","{1: {1: 1, 2: 1, 3: 0}, 2: {1: 0, 2: 0, 3: 0}, 3: {1: 0, 2: 0, 3: 0}, 4: {1: 0, 2: 0, 3: 0}, 5: {1: 0, 2: 0, 3: 0}, 6: {1: 0, 2: 0, 3: 0}}","{1: {1: 0, 2: 0, 3: 0}, 2: {1: 0, 2: 0, 3: 0}, 3: {1: 0, 2: 0, 3: 0}, 4: {1: 0, 2: 0, 3: 0}, 5: {1: 0, 2: 0, 3: 0}, 6: {1: 0, 2: 0, 3: 0}}",Master problem failed to find feasible solution
6,"[-inf, 231.0, 254.0, 268.14285714285717, 279.0185714285715, 285.48795918367347, 288.9165306122449, 288.9165306122449]","[392.0, 392.0, 392.0, 392.0, 392.0, 392.0, 392.0, 392.0]",392.0,115.53690433502197,8,640000,"{1: {1: 1, 2: 1, 3: 1}, 2: {1: 1, 2: 1, 3: 1}, 3: {1: 1, 2: 1, 3: 1}, 4: {1: 1, 2: 1, 3: 1}, 5: {1: 1, 2: 1, 3: 1}, 6: {1: 1, 2: 1, 3: 1}}","{1: {1: 1, 2: 1, 3: 0}, 2: {1: 0, 2: 0, 3: 0}, 3: {1: 0, 2: 0, 3: 0}, 4: {1: 0, 2: 0, 3: 0}, 5: {1: 0, 2: 0, 3: 0}, 6: {1: 0, 2: 0, 3: 0}}","{1: {1: 0, 2: 0, 3: 0}, 2: {1: 0, 2: 0, 3: 0}, 3: {1: 0, 2: 0, 3: 0}, 4: {1: 0, 2: 0, 3: 0}, 5: {1: 0, 2: 0, 3: 0}, 6: {1: 0, 2: 0, 3: 0}}",Master problem failed to find feasible solution
6,"[-inf, 231.0, 259.64, 264.8757142857143, 281.44714285714286, 281.44714285714286]","[392.0, 392.0, 392.0, 392.0, 392.0, 392.0]",392.0,66.7631938457489,6,640000,"{1: {1: 1, 2: 1, 3: 1}, 2: {1: 1, 2: 1, 3: 1}, 3: {1: 1, 2: 1, 3: 1}, 4: {1: 1, 2: 1, 3: 1}, 5: {1: 1, 2: 1, 3: 1}, 6: {1: 1, 2: 1, 3: 1}}","{1: {1: 1, 2: 1, 3: 0}, 2: {1: 0, 2: 0, 3: 0}, 3: {1: 0, 2: 0, 3: 0}, 4: {1: 0, 2: 0, 3: 0}, 5: {1: 0, 2: 0, 3: 0}, 6: {1: 0, 2: 0, 3: 0}}","{1: {1: 0, 2: 0, 3: 0}, 2: {1: 0, 2: 0, 3: 0}, 3: {1: 0, 2: 0, 3: 0}, 4: {1: 0, 2: 0, 3: 0}, 5: {1: 0, 2: 0, 3: 0}, 6: {1: 0, 2: 0, 3: 0}}",Master problem failed to find feasible solution
